sku,image,small_image,thumbnail,gallery,,
OPMBNTF0250,+/Motorola-Turbo-Edition-XT-1557-Black.jpg,+/Motorola-Turbo-Edition-XT-1557-Black.jpg,+/Motorola-Turbo-Edition-XT-1557-Black.jpg,/Motorola-Turbo-Edition-XT-1557-Black-Left.jpg;/Motorola-Turbo-Edition-XT-1557-Black-Back.jpg,,
QCMBB000083,+/Motorola-Google-Nexus6.jpg,+/Motorola-Google-Nexus6.jpg,+/Motorola-Google-Nexus6.jpg,/Motorola-Google-Nexus6-Right.jpg;/Motorola-Google-Nexus6-Back.jpg,,
OPMBNTF0226,+/spice-android-one-black.jpg,+/spice-android-one-black.jpg,+/spice-android-one-black.jpg,/spice-android-one-black-right.jpg;/spice-android-one-black-left.jpg,,
OPMBNTF0228,+/TCL-Pride-T500L-Right.jpg,+/TCL-Pride-T500L-Right.jpg,+/TCL-Pride-T500L-Right.jpg,,,
OPMBNTF0699,+/Xiaomi-Redmi-Note-Prime-White.jpg,+/Xiaomi-Redmi-Note-Prime-White.jpg,+/Xiaomi-Redmi-Note-Prime-White.jpg,/Xiaomi-Redmi-Note-Prime-White-Left.jpg;/Xiaomi-Redmi-Note-Prime-White-Back.jpg,,
QCMBB000205,+/YU-A05510.jpg,+/YU-A05510.jpg,+/YU-A05510.jpg,/YU-A05510-right.jpg;/YU-A05510-left.jpg,,
OPMBNTFB0004,+/Samsung-Galaxy-J7-6-New-2016-Edition-Gold.jpg,+/Samsung-Galaxy-J7-6-New-2016-Edition-Gold.jpg,+/Samsung-Galaxy-J7-6-New-2016-Edition-Gold.jpg,/Samsung-Galaxy-J7-6-New-2016-Edition-Gold-Left.jpg;/Samsung-Galaxy-J7-6-New-2016-Edition-Gold-Back.jpg,,
OPMBNTFB0011,+/Samsung-Galaxy-On7-Black.jpg,+/Samsung-Galaxy-On7-Black.jpg,+/Samsung-Galaxy-On7-Black.jpg,/Samsung-Galaxy-On7-Black-Left.jpg;/Samsung-Galaxy-On7-Black-Back.jpg,,
OPMBNTFB0013,+/Samsung-Galaxy-On5-Gold.jpg,+/Samsung-Galaxy-On5-Gold.jpg,+/Samsung-Galaxy-On5-Gold.jpg,/Samsung-Galaxy-On5-Gold.jpg;/Samsung-Galaxy-On5-Gold-Right.jpg,,
OPMBNTFB0016,+/Samsung-Galaxy-J7-6-2016-Edition-Black.jpg,+/Samsung-Galaxy-J7-6-2016-Edition-Black.jpg,+/Samsung-Galaxy-J7-6-2016-Edition-Black.jpg,/Samsung-Galaxy-J7-6-2016-Edition-Black-Right.jpg;/Samsung-Galaxy-J7-6-2016-Edition-Black-Back.jpg,,
OPMBNTFB0018,+/Moto-G5-Plus-Lunar-Grey.jpg,+/Moto-G5-Plus-Lunar-Grey.jpg,+/Moto-G5-Plus-Lunar-Grey.jpg,/Moto-G5-Plus-Lunar-Grey-Left.jpg;/Moto-G5-Plus-Lunar-Grey-Back.jpg,,
OPMBNTFB0283,+/InFocus-M370i-White.jpg,+/InFocus-M370i-White.jpg,+/InFocus-M370i-White.jpg,/InFocus-M370i-White-right.jpg;/InFocus-M370i-White-Left.jpg;/InFocus-M370i-White-Back.jpg,,
OPMBNTFB0241,+/Infocus-M260-White-Black.jpg,+/Infocus-M260-White-Black.jpg,+/Infocus-M260-White-Black.jpg,/Infocus-M260-White-Black-right.jpg;/Infocus-M260-White-Black-left.jpg,,
OPMBNTFB0187,+/Infocus-M430-White.jpg,+/Infocus-M430-White.jpg,+/Infocus-M430-White.jpg,/Infocus-M430-White-right.jpg;/Infocus-M430-White-left.jpg,,
OPMBNTFB0256,+/Panasonic-Eluga-Turbo-Champagne-Gold.jpg,+/Panasonic-Eluga-Turbo-Champagne-Gold.jpg,+/Panasonic-Eluga-Turbo-Champagne-Gold.jpg,/Panasonic-Eluga-Turbo-Champagne-Gold.jpg;/Panasonic-Eluga-Turbo-Champagne-Gold-Left.jpg,,
OPMBNTFB0073,+/Phicomm-E670-Black.jpg,+/Phicomm-E670-Black.jpg,+/Phicomm-E670-Black.jpg,/Phicomm-E670-Black-Left.jpg;/Phicomm-E670-Black-Back.jpg,,
OPMBNTFB0204,+/Blackberry-Passport-Black.jpg,+/Blackberry-Passport-Black.jpg,+/Blackberry-Passport-Black.jpg,/Blackberry-Passport-Black.jpg;/Blackberry-Passport-Black-Back.jpg,,
OPMBNTFB0327,+/Xolo-A500S-Black.jpg,+/Xolo-A500S-Black.jpg,+/Xolo-A500S-Black.jpg,/Xolo-A500S-Black-Right.jpg;/Xolo-A500S-Black-Back.jpg,,
OPMBNTFB0688,+/Xiaomi-Redmi-1s-Black.jpg,+/Xiaomi-Redmi-1s-Black.jpg,+/Xiaomi-Redmi-1s-Black.jpg,,,
OPMBNTFB0613,+/lg-g4-white.jpg,+/lg-g4-white.jpg,+/lg-g4-white.jpg,/lg-g4-white-right.jpg;/lg-g4-white-left.jpg,,
OPMBNTF0349,+/Asus-Zenfone5-A501G.jpg,+/Asus-Zenfone5-A501G.jpg,+/Asus-Zenfone5-A501G.jpg,/Asus-Zenfone5-A501G-Left.jpg;/Asus-Zenfone5-A501G-Back.jpg,,
OPOTNTF0001,+/HP-Laserjet-Pro-M1136MFP-Printer.jpg,+/HP-Laserjet-Pro-M1136MFP-Printer.jpg,+/HP-Laserjet-Pro-M1136MFP-Printer.jpg,,,
NEWMOB00297,+/videocon-krypton3-v50jg-golden-blue.jpg,+/videocon-krypton3-v50jg-golden-blue.jpg,+/videocon-krypton3-v50jg-golden-blue.jpg,/videocon-krypton3-v50jg-golden-blue-right.jpg;/videocon-krypton3-v50jg-golden-blue-left.jpg,,
OPMBNTF0134,+/yunicorn-yureka-s-yu5200-graphite-grey.jpg,+/yunicorn-yureka-s-yu5200-graphite-grey.jpg,+/yunicorn-yureka-s-yu5200-graphite-grey.jpg,/yunicorn-yureka-s-yu5200-graphite-grey.jpg;/yunicorn-yureka-s-yu5200-graphite-grey-right.jpg,,
SYGLAP-amd,+/Laptop.jpg,+/Laptop.jpg,+/Laptop.jpg,,,
SYGLAP-Atom,+/Laptop.jpg,+/Laptop.jpg,+/Laptop.jpg,,,
SYGLAP-Corei3,+/Laptop.jpg,+/Laptop.jpg,+/Laptop.jpg,,,
SYGLAP-Corei5,+/Laptop.jpg,+/Laptop.jpg,+/Laptop.jpg,,,
SYGLAP-Corei7,+/Laptop.jpg,+/Laptop.jpg,+/Laptop.jpg,,,
SYGLAP-Pentium,+/Pentium-or-Celeron.jpg,+/Pentium-or-Celeron.jpg,+/Pentium-or-Celeron.jpg,,,
ONEPLUSCHARGER,+/oneplus-charger-with-cable.jpg,+/oneplus-charger-with-cable.jpg,+/oneplus-charger-with-cable.jpg,,,
MD829ZM/A,+/Apple-iPod-Touch-Loop-Red-MD829ZM-A.jpg,+/Apple-iPod-Touch-Loop-Red-MD829ZM-A.jpg,+/Apple-iPod-Touch-Loop-Red-MD829ZM-A.jpg,,,
QCMBB000229,+/phicomm-c630.jpg,+/phicomm-c630.jpg,+/phicomm-c630.jpg,/phicomm-c630-right.jpg;/phicomm-c630-left.jpg,,
QCMBB000094,+/one-plus-3.jpg,+/one-plus-3.jpg,+/one-plus-3.jpg,/one-plus-3-right.jpg;/one-plus-3-left.jpg,,
OPMBNTF0705,+/Clout-X417-Amaze-Black.jpg,+/Clout-X417-Amaze-Black.jpg,+/Clout-X417-Amaze-Black.jpg,/Clout-X417-Amaze-Black-right.jpg;/Clout-X417-Amaze-Black-left.jpg,,
OPMBNTFB0487,+/samsung-galaxy-a3-gold.jpg,+/samsung-galaxy-a3-gold.jpg,+/samsung-galaxy-a3-gold.jpg,/samsung-galaxy-a3-gold-right.jpg;/samsung-galaxy-a3-gold-left.jpg,,
OPMBNTFB0490,+/samsung-galaxy-a7-black.jpg,+/samsung-galaxy-a7-black.jpg,+/samsung-galaxy-a7-black.jpg,/samsung-galaxy-a7-black-right.jpg;/samsung-galaxy-a7-black-left.jpg,,
OPMBNTFB0509,+/samsung-galaxy-s3-i9300-blue.jpg,+/samsung-galaxy-s3-i9300-blue.jpg,+/samsung-galaxy-s3-i9300-blue.jpg,/samsung-galaxy-s3-i9300-blue-right.jpg;/samsung-galaxy-s3-i9300-blue-left.jpg,,
OPMBNTFB0570,+/Nokia-Lumia-1020-Black.jpg,+/Nokia-Lumia-1020-Black.jpg,+/Nokia-Lumia-1020-Black.jpg,/Nokia-Lumia-1020-Black-right.jpg;/Nokia-Lumia-1020-Black-left.jpg,,
OPMBNTFB0579,+/samsung-galaxy-tab_4-t231-white.jpg,+/samsung-galaxy-tab_4-t231-white.jpg,+/samsung-galaxy-tab_4-t231-white.jpg,/samsung-galaxy-tab_4-t231-white-right.jpg;/samsung-galaxy-tab_4-t231-white-left.jpg,,
OPMBNTFB0601,+/Mi-Max-2-Black.jpg,+/Mi-Max-2-Black.jpg,+/Mi-Max-2-Black.jpg,/Mi-Max-2-Black-right.jpg;/Mi-Max-2-Black-left.jpg,,
OPMBNTFB0645,+/samsung-galaxy-note_4-charcoal-black.jpg,+/samsung-galaxy-note_4-charcoal-black.jpg,+/samsung-galaxy-note_4-charcoal-black.jpg,/samsung-galaxy-note_4-charcoal-black-right.jpg;/samsung-galaxy-note_4-charcoal-black-left.jpg,,
OPMBNTFB0695,+/samsung-galaxy-note-3-neo.jpg,+/samsung-galaxy-note-3-neo.jpg,+/samsung-galaxy-note-3-neo.jpg,/samsung-galaxy-note-3-neo-right.jpg;/samsung-galaxy-note-3-neo-left.jpg,,
SYGNBQB0136,+/ibm-thinkpad.jpg,+/ibm-thinkpad.jpg,+/ibm-thinkpad.jpg,,,
OPMBNTFB0141,+/Mi-Redmi-3S-Prime-Gold.jpg,+/Mi-Redmi-3S-Prime-Gold.jpg,+/Mi-Redmi-3S-Prime-Gold.jpg,/Mi-Redmi-3S-Prime-Gold-right.jpg;/Mi-Redmi-3S-Prime-Gold-left.jpg,,
OPMBNTFB0667,+/Samsung-Tab-E--SM-T561-Metalic-Black.jpg,+/Samsung-Tab-E--SM-T561-Metalic-Black.jpg,+/Samsung-Tab-E--SM-T561-Metalic-Black.jpg,/Samsung-Tab-E--SM-T561-Metalic-Black-right.jpg;/Samsung-Tab-E--SM-T561-Metalic-Black-left.jpg,,
OPMBNTFB0676,+/Samsung-Galaxy-Note-3-Jet-Black.jpg,+/Samsung-Galaxy-Note-3-Jet-Black.jpg,+/Samsung-Galaxy-Note-3-Jet-Black.jpg,/Samsung-Galaxy-Note-3-Jet-Black-right.jpg;/Samsung-Galaxy-Note-3-Jet-Black-left.jpg,,
OPMBNTFB0228,+/TCL-Pride-T500L.jpg,+/TCL-Pride-T500L.jpg,+/TCL-Pride-T500L.jpg,/TCL-Pride-T500L-Right.jpg;/TCL-Pride-T500L-left.jpg,,
NEWACC00008,+/Dell-Backpack.jpg,+/Dell-Backpack.jpg,+/Dell-Backpack.jpg,,,
NEWACC00009,+/Dell-urban-Backpack.jpg,+/Dell-urban-Backpack.jpg,+/Dell-urban-Backpack.jpg,,,
NEWACC00010,+/Dell-Tek-Backpack.jpg,+/Dell-Tek-Backpack.jpg,+/Dell-Tek-Backpack.jpg,,,
NEWACC00011,+/Acer-Backpack.jpg,+/Acer-Backpack.jpg,+/Acer-Backpack.jpg,,,
NEWACC00012,+/Hp-trendsetter-Backpack.jpg,+/Hp-trendsetter-Backpack.jpg,+/Hp-trendsetter-Backpack.jpg,,,
OPENACC0007,+/Hp-entry-level-Backpack.jpg,+/Hp-entry-level-Backpack.jpg,+/Hp-entry-level-Backpack.jpg,,,
NEWACC00013,+/Hp-entry-level-Backpack.jpg,+/Hp-entry-level-Backpack.jpg,+/Hp-entry-level-Backpack.jpg,,,
NEWACC00014,+/HP-Odyssey-Backpack.jpg,+/HP-Odyssey-Backpack.jpg,+/HP-Odyssey-Backpack.jpg,,,
OPENACC0010,+/Dell-Backpack.jpg,+/Dell-Backpack.jpg,+/Dell-Backpack.jpg,,,
OPMBNTF0493,+/samsung-galaxy-a8-a800i-black.jpg,+/samsung-galaxy-a8-a800i-black.jpg,+/samsung-galaxy-a8-a800i-black.jpg,/samsung-galaxy-a8-a800i-black-right.jpg;/samsung-galaxy-a8-a800i-black-left.jpg,,
OPMBNTFB0777,+/Yunique-2-Yu5011-Champagne.jpg,+/Yunique-2-Yu5011-Champagne.jpg,+/Yunique-2-Yu5011-Champagne.jpg,/Yunique-2-Yu5011-Champagne-right.jpg;/Yunique-2-Yu5011-Champagne-left.jpg,,
OPMBNTFB0070,+/samsung-galaxy-j5-j510f-white.jpg,+/samsung-galaxy-j5-j510f-white.jpg,+/samsung-galaxy-j5-j510f-white.jpg,/samsung-galaxy-j5-j510f-white-right.jpg;/samsung-galaxy-j5-j510f-white-left.jpg,,
OPMBNTFB0690,+/Mi-Max-Silver.jpg,+/Mi-Max-Silver.jpg,+/Mi-Max-Silver.jpg,/Mi-Max-Silver-right.jpg;/Mi-Max-Silver-left.jpg,,
OPMBNTFB0439,+/letv-le-2-x526-rose-gold.jpg,+/letv-le-2-x526-rose-gold.jpg,+/letv-le-2-x526-rose-gold.jpg,/letv-le-2-x526-rose-gold-right.jpg;/letv-le-2-x526-rose-gold-left.jpg,,
OPMBNTFB0524,+/Sansui-X45-Black.jpg,+/Sansui-X45-Black.jpg,+/Sansui-X45-Black.jpg,/Sansui-X45-Black-right.jpg;/Sansui-X45-Black-left.jpg,,
OPMBNTFB0547,+/gamma-p100-black.jpg,+/gamma-p100-black.jpg,+/gamma-p100-black.jpg,/gamma-p100-black.jpg;/gamma-p100-black-right.jpg,,
OPMBNTFB0541,+/Redmi-3S-Dark-Grey.jpg,+/Redmi-3S-Dark-Grey.jpg,+/Redmi-3S-Dark-Grey.jpg,/Redmi-3S-Dark-Grey-right.jpg;/Redmi-3S-Dark-Grey-left.jpg,,
OPMBNTF0371,+/HTC-Desire-816G-Blue.jpg,+/HTC-Desire-816G-Blue.jpg,+/HTC-Desire-816G-Blue.jpg,/HTC-Desire-816G-Blue-right.jpg;/HTC-Desire-816G-Blue-left.jpg,,
OPMBNTF0375,+/Huawei-Ascend-G730-White.jpg,+/Huawei-Ascend-G730-White.jpg,+/Huawei-Ascend-G730-White.jpg,/Huawei-Ascend-G730-White-right.jpg;/Huawei-Ascend-G730-White-left.jpg,,
OPMBNTF0382,+/Infocus-415-Black.jpg,+/Infocus-415-Black.jpg,+/Infocus-415-Black.jpg,/Infocus-415-Black-right.jpg;/Infocus-415-Black-left.jpg,,
OPMBNTF0390,+/Intex-Aqua-Ring-Black.jpg,+/Intex-Aqua-Ring-Black.jpg,+/Intex-Aqua-Ring-Black.jpg,/Intex-Aqua-Ring-Black.jpg;/Intex-Aqua-Ring-Black-right.jpg,,
OPMBNTF0391,+/Intex-Aqua-R4+-Black.jpg,+/Intex-Aqua-R4+-Black.jpg,+/Intex-Aqua-R4+-Black.jpg,/Intex-Aqua-R4+-Black.jpg;/Intex-Aqua-R4+-Black-right.jpg,,
OPMBNTF0392,+/I-Smart-Is-102-Coffee-Black.jpg,+/I-Smart-Is-102-Coffee-Black.jpg,+/I-Smart-Is-102-Coffee-Black.jpg,/I-Smart-Is-102-Coffee-Black-right.jpg;/I-Smart-Is-102-Coffee-Black-left.jpg,,
OPMBNTF0393,+/itel-it5611-red.jpg,+/itel-it5611-red.jpg,+/itel-it5611-red.jpg,,,
OPMBNTF0394,+/itel-selfie-it2180-blue.jpg,+/itel-selfie-it2180-blue.jpg,+/itel-selfie-it2180-blue.jpg,/itel-selfie-it2180-blue-right.jpg;/itel-selfie-it2180-blue-left.jpg,,
OPMBNTF0425,+/Lava Iris X1 Grand-White.jpg,+/Lava Iris X1 Grand-White.jpg,+/Lava Iris X1 Grand-White.jpg,/Lava Iris X1 Grand-White-right.jpg;/Lava Iris X1 Grand-White-left.jpg,,
OPMBNTF0426,+/Lava-KKT-Prime-Black.jpg,+/Lava-KKT-Prime-Black.jpg,+/Lava-KKT-Prime-Black.jpg,/Lava-KKT-Prime-Black-right.jpg;/Lava-KKT-Prime-Black-left.jpg,,
OPMBNTF0475,+/Nokia-X2-Duos-White.jpg,+/Nokia-X2-Duos-White.jpg,+/Nokia-X2-Duos-White.jpg,/Nokia-X2-Duos-White.jpg;/Nokia-X2-Duos-White-right.jpg,,
OPMBNTF0494,+/Samsung-Galaxy-A8-A800I-Gold.jpg,+/Samsung-Galaxy-A8-A800I-Gold.jpg,+/Samsung-Galaxy-A8-A800I-Gold.jpg,/Samsung-Galaxy-A8-A800I-Gold-right.jpg;/Samsung-Galaxy-A8-A800I-Gold-left.jpg,,
OPMBNTF0520,+/Samsung-Tab-E--SM-T561-Metalic-Black.jpg,+/Samsung-Tab-E--SM-T561-Metalic-Black.jpg,+/Samsung-Tab-E--SM-T561-Metalic-Black.jpg,/Samsung-Tab-E--SM-T561-Metalic-Black-right.jpg;/Samsung-Tab-E--SM-T561-Metalic-Black-left.jpg,,
OPMBNTF0534,+/Vitel-K901-Black.jpg,+/Vitel-K901-Black.jpg,+/Vitel-K901-Black.jpg,/Vitel-K901-Black-right.jpg;/Vitel-K901-Black-left.jpg,,
OPMBNTF0543,+/Yunicorn-Yureka-Plus-Yu5510A-white.jpg,+/Yunicorn-Yureka-Plus-Yu5510A-white.jpg,+/Yunicorn-Yureka-Plus-Yu5510A-white.jpg,/Yunicorn-Yureka-Plus-Yu5510A-white-right.jpg;/Yunicorn-Yureka-Plus-Yu5510A-white-left.jpg,,
OPMBNTF0589,+/InFocus-M535-Gold.jpg,+/InFocus-M535-Gold.jpg,+/InFocus-M535-Gold.jpg,/InFocus-M535-Gold-right.jpg;/InFocus-M535-Gold-left.jpg,,
OPMBNTF0484,+/Reliance-ZTe-D286.jpg,+/Reliance-ZTe-D286.jpg,+/Reliance-ZTe-D286.jpg,,,
REFMOB0020,+/samsung-galaxy-on-nxt-gold.jpg,+/samsung-galaxy-on-nxt-gold.jpg,+/samsung-galaxy-on-nxt-gold.jpg,/samsung-galaxy-on-nxt-gold-right.jpg;/samsung-galaxy-on-nxt-gold-left.jpg,,
OPMBNTF0797,+/Samsung-Galaxy-On-Next-G610F-Gold.jpg,+/Samsung-Galaxy-On-Next-G610F-Gold.jpg,+/Samsung-Galaxy-On-Next-G610F-Gold.jpg,/Samsung-Galaxy-On-Next-G610F-Gold-right.jpg;/Samsung-Galaxy-On-Next-G610F-Gold-left.jpg,,
SYGNBQB0310,+/Sony.jpg,+/Sony.jpg,+/Sony.jpg,,,
SYGNBQB0311,+/Dell.jpg,+/Dell.jpg,+/Dell.jpg,,,
QCNBB001761,+/Dell.jpg,+/Dell.jpg,+/Dell.jpg,,,
SYGNBQB0312,+/HP.jpg,+/HP.jpg,+/HP.jpg,,,
QCNBB001762,+/Acer.jpg,+/Acer.jpg,+/Acer.jpg,,,
QCNBB001763,+/Acer.jpg,+/Acer.jpg,+/Acer.jpg,,,
QCNBB001764,+/Acer.jpg,+/Acer.jpg,+/Acer.jpg,,,
QCNBB001765,+/Dell.jpg,+/Dell.jpg,+/Dell.jpg,,,
SYGNBQB0313,+/Dell.jpg,+/Dell.jpg,+/Dell.jpg,,,
SYGNBQB0314,+/Sony.jpg,+/Sony.jpg,+/Sony.jpg,,,
SYGNBQB0315,+/Dell.jpg,+/Dell.jpg,+/Dell.jpg,,,
SYGNBQB0316,+/Dell.jpg,+/Dell.jpg,+/Dell.jpg,,,
SYGNBQB0317,+/HP.jpg,+/HP.jpg,+/HP.jpg,,,
SYGNBQB0318,+/Dell.jpg,+/Dell.jpg,+/Dell.jpg,,,
SYGNBQB0319,+/HP.jpg,+/HP.jpg,+/HP.jpg,,,
QCNBB001800,+/Dell.jpg,+/Dell.jpg,+/Dell.jpg,,,
QCNBB001801,+/Dell.jpg,+/Dell.jpg,+/Dell.jpg,,,
QCNBB001802,+/Dell.jpg,+/Dell.jpg,+/Dell.jpg,,,
QCNBB001766,+/Sony.jpg,+/Sony.jpg,+/Sony.jpg,,,
QCNBB001767,+/samsung.jpg,+/samsung.jpg,+/samsung.jpg,,,
QCNBB001768,+/Lenovo.jpg,+/Lenovo.jpg,+/Lenovo.jpg,,,
SYGNBQB0320,+/HP.jpg,+/HP.jpg,+/HP.jpg,,,
QCNBB001769,+/HP.jpg,+/HP.jpg,+/HP.jpg,,,
QCNBB001770,+/Lenovo.jpg,+/Lenovo.jpg,+/Lenovo.jpg,,,
QCNBB001803,+/Dell.jpg,+/Dell.jpg,+/Dell.jpg,,,
QCNBB001804,+/Dell.jpg,+/Dell.jpg,+/Dell.jpg,,,
QCNBB001805,+/Dell.jpg,+/Dell.jpg,+/Dell.jpg,,,
QCNBB001771,+/Dell.jpg,+/Dell.jpg,+/Dell.jpg,,,
QCNBB001772,+/Acer.jpg,+/Acer.jpg,+/Acer.jpg,,,
QCNBB001773,+/HP.jpg,+/HP.jpg,+/HP.jpg,,,
QCNBB001774,+/Dell.jpg,+/Dell.jpg,+/Dell.jpg,,,
QCNBB001806,+/Dell.jpg,+/Dell.jpg,+/Dell.jpg,,,
QCNBB001775,+/HP.jpg,+/HP.jpg,+/HP.jpg,,,
QCNBB001776,+/Lenovo.jpg,+/Lenovo.jpg,+/Lenovo.jpg,,,
QCNBB001807,+/Dell.jpg,+/Dell.jpg,+/Dell.jpg,,,
QCNBB001777,+/Dell.jpg,+/Dell.jpg,+/Dell.jpg,,,
QCNBB001778,+/Apple-A1278.jpg,+/Apple-A1278.jpg,+/Apple-A1278.jpg,,,
QCNBB001779,+/Acer.jpg,+/Acer.jpg,+/Acer.jpg,,,
SYGNBQB0321,+/Lenovo.jpg,+/Lenovo.jpg,+/Lenovo.jpg,,,
QCNBB001780,+/Dell.jpg,+/Dell.jpg,+/Dell.jpg,,,
SYGNBQB0322,+/Dell.jpg,+/Dell.jpg,+/Dell.jpg,,,
QCNBB001781,+/Lenovo.jpg,+/Lenovo.jpg,+/Lenovo.jpg,,,
QCNBB001782,+/Lenovo.jpg,+/Lenovo.jpg,+/Lenovo.jpg,,,
QCNBB001783,+/Dell.jpg,+/Dell.jpg,+/Dell.jpg,,,
QCNBB001784,+/Dell.jpg,+/Dell.jpg,+/Dell.jpg,,,
QCNBB001785,+/Lenovo.jpg,+/Lenovo.jpg,+/Lenovo.jpg,,,
SYGNBQB0323,+/Lenovo.jpg,+/Lenovo.jpg,+/Lenovo.jpg,,,
QCNBB001786,+/Lenovo.jpg,+/Lenovo.jpg,+/Lenovo.jpg,,,
QCNBB001787,+/Dell.jpg,+/Dell.jpg,+/Dell.jpg,,,
QCNBB001788,+/Dell.jpg,+/Dell.jpg,+/Dell.jpg,,,
QCNBB001789,+/Acer.jpg,+/Acer.jpg,+/Acer.jpg,,,
QCNBB001790,+/Lenovo.jpg,+/Lenovo.jpg,+/Lenovo.jpg,,,
QCNBB001791,+/HP.jpg,+/HP.jpg,+/HP.jpg,,,
QCNBB001792,+/Dell.jpg,+/Dell.jpg,+/Dell.jpg,,,
QCNBB001793,+/HP.jpg,+/HP.jpg,+/HP.jpg,,,
QCNBB001794,+/Acer.jpg,+/Acer.jpg,+/Acer.jpg,,,
QCNBB001795,+/Acer.jpg,+/Acer.jpg,+/Acer.jpg,,,
SYGNBQB0324,+/HP.jpg,+/HP.jpg,+/HP.jpg,,,
QCNBB001808,+/Dell.jpg,+/Dell.jpg,+/Dell.jpg,,,
SYGNBQB0325,+/samsung.jpg,+/samsung.jpg,+/samsung.jpg,,,
QCNBB001809,+/Acer.jpg,+/Acer.jpg,+/Acer.jpg,,,
QCNBB001796,+/samsung.jpg,+/samsung.jpg,+/samsung.jpg,,,
QCNBB001797,+/HP.jpg,+/HP.jpg,+/HP.jpg,,,
QCNBB001798,+/Dell.jpg,+/Dell.jpg,+/Dell.jpg,,,
QCNBB001810,+/Dell.jpg,+/Dell.jpg,+/Dell.jpg,,,
QCNBB001811,+/HP.jpg,+/HP.jpg,+/HP.jpg,,,
QCNBB001799,+/samsung.jpg,+/samsung.jpg,+/samsung.jpg,,,
OPMBAS00198,+/Ginger-G5001-Superman.jpg,+/Ginger-G5001-Superman.jpg,+/Ginger-G5001-Superman.jpg,/Ginger-G5001-Superman-right.jpg;/Ginger-G5001-Superman-left.jpg,,
OPMBAS00203,+/motorola-c-plus-xt1721-fine-gold.jpg,+/motorola-c-plus-xt1721-fine-gold.jpg,+/motorola-c-plus-xt1721-fine-gold.jpg,/motorola-c-plus-xt1721-fine-gold-right.jpg;/motorola-c-plus-xt1721-fine-gold-left.jpg,,
OPMBAS00204,+/motorola-e3-power-black.jpg,+/motorola-e3-power-black.jpg,+/motorola-e3-power-black.jpg,/motorola-e3-power-black-right.jpg;/motorola-e3-power-black-left.jpg,,
OPMBAS00206,+/Moto-M-Silver.jpg,+/Moto-M-Silver.jpg,+/Moto-M-Silver.jpg,/Moto-M-Silver-right.jpg;/Moto-M-Silver-left.jpg,,
OPMBAS00209,+/motorola-c-plus-xt1721-starry-black.jpg,+/motorola-c-plus-xt1721-starry-black.jpg,+/motorola-c-plus-xt1721-starry-black.jpg,/motorola-c-plus-xt1721-starry-black-right.jpg;/motorola-c-plus-xt1721-starry-black-left.jpg,,
OPMBAS00212,+/motorola-g5-plus-xt1686-lunar-grey.jpg,+/motorola-g5-plus-xt1686-lunar-grey.jpg,+/motorola-g5-plus-xt1686-lunar-grey.jpg,/motorola-g5-plus-xt1686-lunar-grey-right.jpg;/motorola-g5-plus-xt1686-lunar-grey-left.jpg,,
OPMBAS00213,+/Moto-M-Gold.jpg,+/Moto-M-Gold.jpg,+/Moto-M-Gold.jpg,/Moto-M-Gold-right.jpg;/Moto-M-Gold-left.jpg,,
OPMBAS00214,+/motorola-nexus-6-xt1100-64gb-cloud-white.jpg,+/motorola-nexus-6-xt1100-64gb-cloud-white.jpg,+/motorola-nexus-6-xt1100-64gb-cloud-white.jpg,/motorola-nexus-6-xt1100-64gb-cloud-white-right.jpg;/motorola-nexus-6-xt1100-64gb-cloud-white-left.jpg,,
OPMBAS00216,+/samsung-galaxy-a7-a7100-64gb-black.jpg,+/samsung-galaxy-a7-a7100-64gb-black.jpg,+/samsung-galaxy-a7-a7100-64gb-black.jpg,/samsung-galaxy-a7-a7100-64gb-black-right.jpg;/samsung-galaxy-a7-a7100-64gb-black-left.jpg,,
OPMBAS00217,+/samsung-galaxy-a9-pro-a910f-32gb-black.jpg,+/samsung-galaxy-a9-pro-a910f-32gb-black.jpg,+/samsung-galaxy-a9-pro-a910f-32gb-black.jpg,/samsung-galaxy-a9-pro-a910f-32gb-black-right.jpg;/samsung-galaxy-a9-pro-a910f-32gb-black-left.jpg,,
OPMBAS00220,+/Samsung-Galaxy-S6-Edge-G925I-Black.jpg,+/Samsung-Galaxy-S6-Edge-G925I-Black.jpg,+/Samsung-Galaxy-S6-Edge-G925I-Black.jpg,/Samsung-Galaxy-S6-Edge-G925I-Black-right.jpg;/Samsung-Galaxy-S6-Edge-G925I-Black-left.jpg,,
OPMBAS00218,+/samsung-galaxy-note-3-32gb-black.jpg,+/samsung-galaxy-note-3-32gb-black.jpg,+/samsung-galaxy-note-3-32gb-black.jpg,/samsung-galaxy-note-3-32gb-black-right.jpg;/samsung-galaxy-note-3-32gb-black-left.jpg,,
