sku,image,small_image,thumbnail,gallery
OPMBNTFB0034,+/HTC-Desire-10-Lifestyle-Polor-White.jpg,+/HTC-Desire-10-Lifestyle-Polor-White.jpg,+/HTC-Desire-10-Lifestyle-Polor-White.jpg,/HTC-Desire-10-Lifestyle-Polor-White-right.jpg;/HTC-Desire-10-Lifestyle-Polor-White-left.jpg
OPMBNTFB0051,+/HTC-Desire-10-Lifestyle-Stone-Black.jpg,+/HTC-Desire-10-Lifestyle-Stone-Black.jpg,+/HTC-Desire-10-Lifestyle-Stone-Black.jpg,/HTC-Desire-10-Lifestyle-Stone-Black-right.jpg;/HTC-Desire-10-Lifestyle-Stone-Black-left.jpg
OPMBNTFB0222,+/Samsung-Galaxy-A7-A710F-gold.jpg,+/Samsung-Galaxy-A7-A710F-gold.jpg,+/Samsung-Galaxy-A7-A710F-gold.jpg,/Samsung-Galaxy-A7-A710F-gold-right.jpg;/Samsung-Galaxy-A7-A710F-gold-left.jpg
OPMBNTFB0323,+/samsung-galaxy-on-7-pro-g600f-gold.jpg,+/samsung-galaxy-on-7-pro-g600f-gold.jpg,+/samsung-galaxy-on-7-pro-g600f-gold.jpg,/samsung-galaxy-on-7-pro-g600f-gold-right.jpg;/samsung-galaxy-on-7-pro-g600f-gold-left.jpg
OPMBNTF0282,+/HTC-Desire-620G-White.jpg,+/HTC-Desire-620G-White.jpg,+/HTC-Desire-620G-White.jpg,/HTC-Desire-620G-White-right.jpg;/HTC-Desire-620G-White-left.jpg
OPMBNTFB0266,+/Samsung-Metro-313-Black.jpg,+/Samsung-Metro-313-Black.jpg,+/Samsung-Metro-313-Black.jpg,/Samsung-Metro-313-Black.jpg
OPMBNTFB0130,+/Samsung-Galaxy-J7-Prime-G610F-Black.jpg,+/Samsung-Galaxy-J7-Prime-G610F-Black.jpg,+/Samsung-Galaxy-J7-Prime-G610F-Black.jpg,/Samsung-Galaxy-J7-Prime-G610F-Black-right.jpg;/Samsung-Galaxy-J7-Prime-G610F-Black-left.jpg
OPMBNTFB0196,+/Samsung-Galaxy-Tab-3V-T116N-Black.jpg,+/Samsung-Galaxy-Tab-3V-T116N-Black.jpg,+/Samsung-Galaxy-Tab-3V-T116N-Black.jpg,/Samsung-Galaxy-Tab-3V-T116N-Black-right.jpg;/Samsung-Galaxy-Tab-3V-T116N-Black-left.jpg
OPMBNTFB0219,+/One-plus-2-Sandstone-Black.jpg,+/One-plus-2-Sandstone-Black.jpg,+/One-plus-2-Sandstone-Black.jpg,/One-plus-2-Sandstone-Black-right.jpg;/One-plus-2-Sandstone-Black-left.jpg
OPMBNTFB0704,+/Samsung-Galaxy-S8-Plus-Maple-Gold.jpg,+/Samsung-Galaxy-S8-Plus-Maple-Gold.jpg,+/Samsung-Galaxy-S8-Plus-Maple-Gold.jpg,/Samsung-Galaxy-S8-Plus-Maple-Gold-right.jpg;/Samsung-Galaxy-S8-Plus-Maple-Gold-left.jpg
OPMBNTFB0650,+/samsung-galxy-a9-pro-black 1.jpg,+/samsung-galxy-a9-pro-black 1.jpg,+/samsung-galxy-a9-pro-black 1.jpg,/samsung-galxy-a9-pro-black-a 2.jpg;/samsung-galxy-a9-pro-black 1.jpg
OPMBNTFB0240,+/htc-desire-628-sunset-blue.jpg,+/htc-desire-628-sunset-blue.jpg,+/htc-desire-628-sunset-blue.jpg,/htc-desire-628-sunset-blue-right.jpg;/htc-desire-628-sunset-blue-left.jpg
OPMBNTFB0265,+/samsung-guru-music-2-b310e-black.jpg,+/samsung-guru-music-2-b310e-black.jpg,+/samsung-guru-music-2-b310e-black.jpg,/samsung-guru-music-2-b310e-black.jpg
OPMBNTFB0311,+/Samsung-Galaxy-A7-A710F-gold.jpg,+/Samsung-Galaxy-A7-A710F-gold.jpg,+/Samsung-Galaxy-A7-A710F-gold.jpg,/Samsung-Galaxy-A7-A710F-gold-right.jpg;/Samsung-Galaxy-A7-A710F-gold-left.jpg
OPMBNTFB0319,+/samsung-metro-350-white.jpg,+/samsung-metro-350-white.jpg,+/samsung-metro-350-white.jpg,/samsung-metro-350-white-white.jpg;/samsung-metro-350-white-left.jpg
OPMBNTFB0694,+/samsung-galaxy-grand-duos.jpg,+/samsung-galaxy-grand-duos.jpg,+/samsung-galaxy-grand-duos.jpg,/samsung-galaxy-grand-duos-right.jpg;/samsung-galaxy-grand-duos-left.jpg
OPMBNTFB0493,+/Samsung-Galaxy-A8-A800I.jpg,+/Samsung-Galaxy-A8-A800I.jpg,+/Samsung-Galaxy-A8-A800I.jpg,/Samsung-Galaxy-A8-A800I-right.jpg;/Samsung-Galaxy-A8-A800I-left.jpg
OPMBNTFB0488,+/Samsung-Galaxy-A3-Midnight-Black.jpg,+/Samsung-Galaxy-A3-Midnight-Black.jpg,+/Samsung-Galaxy-A3-Midnight-Black.jpg,/Samsung-Galaxy-A3-Midnight-Black-right.jpg;/Samsung-Galaxy-A3-Midnight-Black-left.jpg
OPMBNTFB0516,+/Samsung-Galaxy-Tab-A-T355Y-Sandy-White.jpg,+/Samsung-Galaxy-Tab-A-T355Y-Sandy-White.jpg,+/Samsung-Galaxy-Tab-A-T355Y-Sandy-White.jpg,/Samsung-Galaxy-Tab-A-T355Y-Sandy-White-right.jpg;/Samsung-Galaxy-Tab-A-T355Y-Sandy-White-left.jpg
OPMBNTFB0128,+/HTC-One-M8Eye-grey.jpg,+/HTC-One-M8Eye-grey.jpg,+/HTC-One-M8Eye-grey.jpg,/HTC-One-M8Eye-grey-right.jpg;/HTC-One-M8Eye-grey-left.jpg
OPMBNTFB0282,+/HTC-Desire-620G-White.jpg,+/HTC-Desire-620G-White.jpg,+/HTC-Desire-620G-White.jpg,/HTC-Desire-620G-White-right.jpg;/HTC-Desire-620G-White-left.jpg
OPMBNTF0163,+/HTC-Desire-620G-Grey.jpg,+/HTC-Desire-620G-Grey.jpg,+/HTC-Desire-620G-Grey.jpg,/HTC-Desire-620G-Grey.jpg;/HTC-Desire-620G-Grey-left.jpg
OPMBNTF0488,+/Samsung-Galaxy-A3-Midnight-Black.jpg,+/Samsung-Galaxy-A3-Midnight-Black.jpg,+/Samsung-Galaxy-A3-Midnight-Black.jpg,/Samsung-Galaxy-A3-Midnight-Black-right.jpg;/Samsung-Galaxy-A3-Midnight-Black-left.jpg
OPMBNTF0353,+/Coolpad-Note-3-Plus-Gold.jpg,+/Coolpad-Note-3-Plus-Gold.jpg,+/Coolpad-Note-3-Plus-Gold.jpg,/Coolpad-Note-3-Plus-Gold.jpg;/Coolpad-Note-3-Plus-Gold-right.jpg
OPMBNTF0352,+/Coolpad-Note-3-Lite-Champagne-White.jpg,+/Coolpad-Note-3-Lite-Champagne-White.jpg,+/Coolpad-Note-3-Lite-Champagne-White.jpg,/Coolpad-Note-3-Lite-Champagne-White-right.jpg;/Coolpad-Note-3-Lite-Champagne-White-left.jpg
OPMBNTF0516,+/Samsung-Galaxy-Tab-A-T355Y-Sandy-White.jpg,+/Samsung-Galaxy-Tab-A-T355Y-Sandy-White.jpg,+/Samsung-Galaxy-Tab-A-T355Y-Sandy-White.jpg,/Samsung-Galaxy-Tab-A-T355Y-Sandy-White-right.jpg;/Samsung-Galaxy-Tab-A-T355Y-Sandy-White-left.jpg
OPMBNTF0128,+/HTC-One-M8Eye-grey.jpg,+/HTC-One-M8Eye-grey.jpg,+/HTC-One-M8Eye-grey.jpg,/HTC-One-M8Eye-grey-right.jpg;/HTC-One-M8Eye-grey-left.jpg
OPMBNTF0474,+/Nokia-Lumia-625.jpg,+/Nokia-Lumia-625.jpg,+/Nokia-Lumia-625.jpg,/Nokia-Lumia-625-right.jpg;/Nokia-Lumia-625-left.jpg
OPMBNTF0127,+/Nokia-105-Black.jpg,+/Nokia-105-Black.jpg,+/Nokia-105-Black.jpg,/Nokia-105-Black-right.jpg;/Nokia-105-Black-left.jpg
OPMBNTF0401,+/Karbonn-Bahubali-Black.jpg,+/Karbonn-Bahubali-Black.jpg,+/Karbonn-Bahubali-Black.jpg,/Karbonn-Bahubali-Black-right.jpg;/Karbonn-Bahubali-Black-left.jpg
OPMBNTF0417,+/Lava-A79-Black.jpg,+/Lava-A79-Black.jpg,+/Lava-A79-Black.jpg,/Lava-A79-Black-right.jpg;/Lava-A79-Black-left.jpg
OPMBNTFB0654,+/samsung-grand-prime-g530h.jpg,+/samsung-grand-prime-g530h.jpg,+/samsung-grand-prime-g530h.jpg,/samsung-grand-prime-g530h-right.jpg;/samsung-grand-prime-g530h-left.jpg
OPMBNTFB0221,+/Samsung-Galaxy-A5-A510F-Black.jpg,+/Samsung-Galaxy-A5-A510F-Black.jpg,+/Samsung-Galaxy-A5-A510F-Black.jpg,/Samsung-Galaxy-A5-A510F-Black-right.jpg;/Samsung-Galaxy-A5-A510F-Black-left.jpg
NEWMOB00439,+/I-Ball-Andi-Magnifico-whitesilver.jpg,+/I-Ball-Andi-Magnifico-whitesilver.jpg,+/I-Ball-Andi-Magnifico-whitesilver.jpg,/I-Ball-Andi-Magnifico-whitesilver.jpg;/I-Ball-Andi-Magnifico-whitesilver-right.jpg
NEWMOB00444,+/Yunique-2-Yu5011-Champagne.jpg,+/Yunique-2-Yu5011-Champagne.jpg,+/Yunique-2-Yu5011-Champagne.jpg,/Yunique-2-Yu5011-Champagne-right.jpg;/Yunique-2-Yu5011-Champagne-left.jpg
OPMBNTF0772,+/I-Ball-Andi-Magnifico-whitesilver.jpg,+/I-Ball-Andi-Magnifico-whitesilver.jpg,+/I-Ball-Andi-Magnifico-whitesilver.jpg,/I-Ball-Andi-Magnifico-whitesilver.jpg;/I-Ball-Andi-Magnifico-whitesilver-right.jpg
OPMBNTF0777,+/Yunique-2-Yu5011-Champagne.jpg,+/Yunique-2-Yu5011-Champagne.jpg,+/Yunique-2-Yu5011-Champagne.jpg,/Yunique-2-Yu5011-Champagne-right.jpg;/Yunique-2-Yu5011-Champagne-left.jpg
OPMBNTFB0772,+/I-Ball-Andi-Magnifico-whitesilver.jpg,+/I-Ball-Andi-Magnifico-whitesilver.jpg,+/I-Ball-Andi-Magnifico-whitesilver.jpg,/I-Ball-Andi-Magnifico-whitesilver.jpg;/I-Ball-Andi-Magnifico-whitesilver-right.jpg
OPMBNTF0791,+/lg-l5-ii-black.jpg,+/lg-l5-ii-black.jpg,+/lg-l5-ii-black.jpg,/lg-l5-ii-black-right.jpg;/lg-l5-ii-black-left.jpg
OPMBNTFB0791,+/lg-l5-ii-black.jpg,+/lg-l5-ii-black.jpg,+/lg-l5-ii-black.jpg,/lg-l5-ii-black-right.jpg;/lg-l5-ii-black-left.jpg
OPMBNTF0398,+/Karbonn-A1+Champ-Black.jpg,+/Karbonn-A1+Champ-Black.jpg,+/Karbonn-A1+Champ-Black.jpg,/Karbonn-A1+Champ-Black-right.jpg;/Karbonn-A1+Champ-Black-left.jpg
OPMBNTF0400,+/Karbonn-Alpha-A91-Power-Champagne.jpg,+/Karbonn-Alpha-A91-Power-Champagne.jpg,+/Karbonn-Alpha-A91-Power-Champagne.jpg,/Karbonn-Alpha-A91-Power-Champagne.jpg;/Karbonn-Alpha-A91-Power-Champagne-right.jpg
OPMBNTF0403,+/Karbonn-K42-Black.jpg,+/Karbonn-K42-Black.jpg,+/Karbonn-K42-Black.jpg,/Karbonn-K42-Black.jpg
OPMBNTF0408,+/Karbonn-Sparkle-V-Magnum-Blue.jpg,+/Karbonn-Sparkle-V-Magnum-Blue.jpg,+/Karbonn-Sparkle-V-Magnum-Blue.jpg,/Karbonn-Sparkle-V-Magnum-Blue.jpg
OPMBNTF0409,+/Karbonn-Titanium-Moghul-Champagne.jpg,+/Karbonn-Titanium-Moghul-Champagne.jpg,+/Karbonn-Titanium-Moghul-Champagne.jpg,/Karbonn-Titanium-Moghul-Champagne-right.jpg;/Karbonn-Titanium-Moghul-Champagne-left.jpg
OPMBNTF0481,+/Panasonic-P55-Novo-gold.jpg,+/Panasonic-P55-Novo-gold.jpg,+/Panasonic-P55-Novo-gold.jpg,/Panasonic-P55-Novo-gold.jpg;/Panasonic-P55-Novo-gold-right.jpg
OPMBNTF0418,+/Lava-Iris-405-White.jpg,+/Lava-Iris-405-White.jpg,+/Lava-Iris-405-White.jpg,/Lava-Iris-405-White-right.jpg;/Lava-Iris-405-White-left.jpg
OPMBNTF0416,+/Lava-454-Black.jpg,+/Lava-454-Black.jpg,+/Lava-454-Black.jpg,/Lava-454-Black-right.jpg;/Lava-454-Black-left.jpg
OPMBNTF0364,+/Hi-Cell-Gold.jpg,+/Hi-Cell-Gold.jpg,+/Hi-Cell-Gold.jpg,/Hi-Cell-Gold.jpg
OPMBNTF0332,+/Alcatel-Phone.jpg,+/Alcatel-Phone.jpg,+/Alcatel-Phone.jpg,/Alcatel-Phone-right.jpg;/Alcatel-Phone-left.jpg
REFMOB0022,+/Samsung-Galaxy-C7-Pro-Gold.jpg,+/Samsung-Galaxy-C7-Pro-Gold.jpg,+/Samsung-Galaxy-C7-Pro-Gold.jpg,/Samsung-Galaxy-C7-Pro-Gold-right.jpg;/Samsung-Galaxy-C7-Pro-Gold-left.jpg
REFMOB0021,+/Samsung-Galaxy-Z2-Gold.jpg,+/Samsung-Galaxy-Z2-Gold.jpg,+/Samsung-Galaxy-Z2-Gold.jpg,/Samsung-Galaxy-Z2-Gold-right.jpg;/Samsung-Galaxy-Z2-Gold-left.jpg
ASMBA000090,+/xiaomi-redmi-1s.jpg,+/xiaomi-redmi-1s.jpg,+/xiaomi-redmi-1s.jpg,/xiaomi-redmi-1s-right.jpg;/xiaomi-redmi-1s-left.jpg
ASMBA000084,+/Redmi-Note-3.jpg,+/Redmi-Note-3.jpg,+/Redmi-Note-3.jpg,/Redmi-Note-3-right.jpg;/Redmi-Note-3-left.jpg
ASMBA000088,+/YU-5010A.jpg,+/YU-5010A.jpg,+/YU-5010A.jpg,/YU-5010A-right.jpg;/YU-5010A-left.jpg
OPMBNTFB0484,+/Reliance-ZTe-D286.jpg,+/Reliance-ZTe-D286.jpg,+/Reliance-ZTe-D286.jpg,/Reliance-ZTe-D286.jpg
,,,,
,,,,
,,,,
,,,,
,,,,
,,,,
,,,,
,,,,
,,,,
,,,,
,,,,
,,,,
,,,,
,,,,
,,,,
