sku,image,small_image,thumbnail,gallery
OPMBNTFB0001,+/apple-iphone-6-space-grey.jpg,+/apple-iphone-6-space-grey.jpg,+/apple-iphone-6-space-grey.jpg,/apple-iphone-6-space-grey-right.jpg;/apple-iphone-6-space-grey-left.jpg
OPMBNTFB0003,+/Apple-iPhone-5s-Space-Grey.jpg,+/Apple-iPhone-5s-Space-Grey.jpg,+/Apple-iPhone-5s-Space-Grey.jpg,/Apple-iPhone-5s-Space-Grey-right.jpg;/Apple-iPhone-5s-Space-Grey-left.jpg
OPMBNTFB0008,+/Apple-iPhone-6S-Gold.jpg,+/Apple-iPhone-6S-Gold.jpg,+/Apple-iPhone-6S-Gold.jpg,/Apple-iPhone-6S-Gold-right.jpg;/Apple-iPhone-6S-Gold-left.jpg
OPMBNTFB0014,+/apple-iphone-6s-silver.jpg,+/apple-iphone-6s-silver.jpg,+/apple-iphone-6s-silver.jpg,/apple-iphone-6s-silver-right.jpg;/apple-iphone-6s-silver-left.jpg
OPMBNTFB0015,+/Apple-iPhone-7-Plus-Jet-Black.jpg,+/Apple-iPhone-7-Plus-Jet-Black.jpg,+/Apple-iPhone-7-Plus-Jet-Black.jpg,/Apple-iPhone-7-Plus-Jet-Black-right.jpg;/Apple-iPhone-7-Plus-Jet-Black-left.jpg
OPMBNTFB0022,+/Lenovo-K6-Power-Gold.jpg,+/Lenovo-K6-Power-Gold.jpg,+/Lenovo-K6-Power-Gold.jpg,/Lenovo-K6-Power-Gold-right.jpg;/Lenovo-K6-Power-Gold-left.jpg
OPMBNTFB0077,+/apple-iphone-6-space-grey.jpg,+/apple-iphone-6-space-grey.jpg,+/apple-iphone-6-space-grey.jpg,/apple-iphone-6-space-grey-right.jpg;/apple-iphone-6-space-grey-left.jpg
OPMBNTFB0151,+/Lenovo-Vibe-K5-Note-Gold.jpg,+/Lenovo-Vibe-K5-Note-Gold.jpg,+/Lenovo-Vibe-K5-Note-Gold.jpg,/Lenovo-Vibe-K5-Note-Gold-right.jpg;/Lenovo-Vibe-K5-Note-Gold-left.jpg
OPMBNTFB0183,+/Coolpad-Mega-2.5D-Grey.jpg,+/Coolpad-Mega-2.5D-Grey.jpg,+/Coolpad-Mega-2.5D-Grey.jpg,/Coolpad-Mega-2.5D-Grey-right.jpg;/Coolpad-Mega-2.5D-Grey-left.jpg
OPMBNTFB0436,+/Lenovo-Vibe-K5-Note-Gold.jpg,+/Lenovo-Vibe-K5-Note-Gold.jpg,+/Lenovo-Vibe-K5-Note-Gold.jpg,/Lenovo-Vibe-K5-Note-Gold-right.jpg;/Lenovo-Vibe-K5-Note-Gold-left.jpg
OPMBNTFB0553,+/Lenovo-K6-Power-Grey.jpg,+/Lenovo-K6-Power-Grey.jpg,+/Lenovo-K6-Power-Grey.jpg,/Lenovo-K6-Power-Grey-right.jpg;/Lenovo-K6-Power-Grey-left.jpg
OPMBNTFB0010,+/Apple-iPhone-6S-Gold.jpg,+/Apple-iPhone-6S-Gold.jpg,+/Apple-iPhone-6S-Gold.jpg,/Apple-iPhone-6S-Gold-right.jpg;/Apple-iPhone-6S-Gold-left.jpg
OPMBNTFB0042,+/Lenovo-K3-Note-Black.jpg,+/Lenovo-K3-Note-Black.jpg,+/Lenovo-K3-Note-Black.jpg,/Lenovo-K3-Note-Black-right.jpg;/Lenovo-K3-Note-Black-left.jpg
OPMBNTFB0057,+/Lenovo-Zuk-Z1-Space-Grey.jpg,+/Lenovo-Zuk-Z1-Space-Grey.jpg,+/Lenovo-Zuk-Z1-Space-Grey.jpg,/Lenovo-Zuk-Z1-Space-Grey-right.jpg;/Lenovo-Zuk-Z1-Space-Grey-left.jpg
OPMBNTFB0068,+/Apple-iPhone-6S-Gold.jpg,+/Apple-iPhone-6S-Gold.jpg,+/Apple-iPhone-6S-Gold.jpg,/Apple-iPhone-6S-Gold-right.jpg;/Apple-iPhone-6S-Gold-left.jpg
OPMBNTFB0165,+/Lenovo-Vibe-K5-Gold.jpg,+/Lenovo-Vibe-K5-Gold.jpg,+/Lenovo-Vibe-K5-Gold.jpg,+/Lenovo-Vibe-K5-Gold.jpg
OPMBNTFB0181,+/apple-iphone-7-plus-black.jpg,+/apple-iphone-7-plus-black.jpg,+/apple-iphone-7-plus-black.jpg,/apple-iphone-7-plus-black-right.jpg;/apple-iphone-7-plus-black-left.jpg
OPMBNTFB0189,+/Lenovo-Z2-Plus-White.jpg,+/Lenovo-Z2-Plus-White.jpg,+/Lenovo-Z2-Plus-White.jpg,/Lenovo-Z2-Plus-White-right.jpg;/Lenovo-Z2-Plus-White-left.jpg
OPMBNTFB0202,+/Apple-iPhone-5s-Gold.jpg,+/Apple-iPhone-5s-Gold.jpg,+/Apple-iPhone-5s-Gold.jpg,/Apple-iPhone-5s-Gold-right.jpg;/Apple-iPhone-5s-Gold-left.jpg
OPMBNTFB0214,+/Lenovo-VIBE-P1m-White.jpg,+/Lenovo-VIBE-P1m-White.jpg,+/Lenovo-VIBE-P1m-White.jpg,/Lenovo-VIBE-P1m-White-right.jpg;/Lenovo-VIBE-P1m-White-left.jpg
OPMBNTFB0262,+/Apple-iPhone-7-Plus-Gold.jpg,+/Apple-iPhone-7-Plus-Gold.jpg,+/Apple-iPhone-7-Plus-Gold.jpg,/Apple-iPhone-7-Plus-Gold-right.jpg;/Apple-iPhone-7-Plus-Gold-left.jpg
OPMBNTFB0270,+/Apple-iPhone-6S-Plus-Rose-Gold.jpg,+/Apple-iPhone-6S-Plus-Rose-Gold.jpg,+/Apple-iPhone-6S-Plus-Rose-Gold.jpg,/Apple-iPhone-6S-Plus-Rose-Gold-right.jpg;/Apple-iPhone-6S-Plus-Rose-Gold-left.jpg
OPMBNTFB0432,+/Lenovo-Vibe-X3-White.jpg,+/Lenovo-Vibe-X3-White.jpg,+/Lenovo-Vibe-X3-White.jpg,/Lenovo-Vibe-X3-White-right.jpg;/Lenovo-Vibe-X3-White-left.jpg
OPMBNTFB0551,+/Lenovo-K6-Power-Gold.jpg,+/Lenovo-K6-Power-Gold.jpg,+/Lenovo-K6-Power-Gold.jpg,/Lenovo-K6-Power-Gold-right.jpg;/Lenovo-K6-Power-Gold-left.jpg
OPMBNTFB0053,+/Apple-iPhone-6-Silver.jpg,+/Apple-iPhone-6-Silver.jpg,+/Apple-iPhone-6-Silver.jpg,/Apple-iPhone-6-Silver-right.jpg;/Apple-iPhone-6-Silver-left.jpg
OPMBNTFB0294,+/lenovo-a1000-black.jpg,+/lenovo-a1000-black.jpg,+/lenovo-a1000-black.jpg,/lenovo-a1000-black-right.jpg;/lenovo-a1000-black-left.jpg
OPMBNTFB0298,+/Lenovo-A2010-White.jpg,+/Lenovo-A2010-White.jpg,+/Lenovo-A2010-White.jpg,/Lenovo-A2010-White-right.jpg;/Lenovo-A2010-White-left.jpg
OPMBNTFB0438,+/Lenovo-A2010-Black.jpg,+/Lenovo-A2010-Black.jpg,+/Lenovo-A2010-Black.jpg,+/Lenovo-A2010-Black.jpg
OPMBNTFB0353,+/Coolpad-Note-3-Plus-Gold.jpg,+/Coolpad-Note-3-Plus-Gold.jpg,+/Coolpad-Note-3-Plus-Gold.jpg,/Coolpad-Note-3-Plus-Gold-right.jpg
OPMBNTFB0352,+/Coolpad-Note-3-Lite-Champagne-White.jpg,+/Coolpad-Note-3-Lite-Champagne-White.jpg,+/Coolpad-Note-3-Lite-Champagne-White.jpg,/Coolpad-Note-3-Lite-Champagne-White-right.jpg;/Coolpad-Note-3-Lite-Champagne-White-left.jpg
OPMBNTF0355,+/Coolpad-Note-5-Royal-Gold.jpg,+/Coolpad-Note-5-Royal-Gold.jpg,+/Coolpad-Note-5-Royal-Gold.jpg,/Coolpad-Note-5-Royal-Gold-right.jpg;/Coolpad-Note-5-Royal-Gold-left.jpg
SYGMOBAPPLE24,+/iPhone-6.jpg,+/iPhone-6.jpg,+/iPhone-6.jpg,/iPhone-6-right.jpg;/iPhone-6-left.jpg
SYGMOBAPPLE26,+/iPhone-6.jpg,+/iPhone-6.jpg,+/iPhone-6.jpg,/iPhone-6-right.jpg;/iPhone-6-left.jpg
SYGMOBAPPLE27,+/iPhone-6.jpg,+/iPhone-6.jpg,+/iPhone-6.jpg,/iPhone-6-right.jpg;/iPhone-6-left.jpg
MOTOCHARGER,+/moto-charger.jpg,+/moto-charger.jpg,+/moto-charger.jpg,+/moto-charger.jpg
QCMBB000129,+/samsung-galaxy-note-4.jpg,+/samsung-galaxy-note-4.jpg,+/samsung-galaxy-note-4.jpg,/samsung-galaxy-note-4.jpg;/samsung-galaxy-note-4-right.jpg
QCMBB000216,+/samsung-galaxy-s3-white.jpg,+/samsung-galaxy-s3-white.jpg,+/samsung-galaxy-s3-white.jpg,/samsung-galaxy-s3-white-right.jpg;/samsung-galaxy-s3-white-left.jpg
QCMBB000273,+/motorola-fire.jpg,+/motorola-fire.jpg,+/motorola-fire.jpg,/motorola-fire-right.jpg;/motorola-fire-left.jpg
QCMBB000292,+/Lenovo-K6-Power.jpg,+/Lenovo-K6-Power.jpg,+/Lenovo-K6-Power.jpg,/Lenovo-K6-Power-right.jpg;/Lenovo-K6-Power-left.jpg
QCMBB000233,+/lenovo-k33.jpg,+/lenovo-k33.jpg,+/lenovo-k33.jpg,/lenovo-k33-right.jpg;/lenovo-k33-left.jpg
OPMBNTF0510,+/samsung-galaxy-s3-white.jpg,+/samsung-galaxy-s3-white.jpg,+/samsung-galaxy-s3-white.jpg,/samsung-galaxy-s3-white-right.jpg;/samsung-galaxy-s3-white-left.jpg
OPMBNTF0370,+/Honor-Holly-White.jpg,+/Honor-Holly-White.jpg,+/Honor-Holly-White.jpg,+/Honor-Holly-White.jpg
ASMBA000068,+/Lenovo-A2010.jpg,+/Lenovo-A2010.jpg,+/Lenovo-A2010.jpg,/Lenovo-A2010-right.jpg;/Lenovo-A2010-left.jpg
OPMBNTFB0616,+/asus-zenfone-2-gold.jpg,+/asus-zenfone-2-gold.jpg,+/asus-zenfone-2-gold.jpg,/asus-zenfone-2-gold-right.jpg;/asus-zenfone-2-gold-left.jpg
OPMBNTFB0702,+/Moto-Z2-Play-Fine-Gold.jpg,+/Moto-Z2-Play-Fine-Gold.jpg,+/Moto-Z2-Play-Fine-Gold.jpg,/Moto-Z2-Play-Fine-Gold-right.jpg;/Moto-Z2-Play-Fine-Gold-left.jpg
OPMBNTFB0041,+/Lenovo-Vibe-K5-Note-grey.jpg,+/Lenovo-Vibe-K5-Note-grey.jpg,+/Lenovo-Vibe-K5-Note-grey.jpg,/Lenovo-Vibe-K5-Note-grey-right.jpg;/Lenovo-Vibe-K5-Note-grey-left.jpg
OPMBNTFB0299,+/Lenovo-A6600-Plus-Black.jpg,+/Lenovo-A6600-Plus-Black.jpg,+/Lenovo-A6600-Plus-Black.jpg,/Lenovo-A6600-Plus-Black-right.jpg;/Lenovo-A6600-Plus-Black-left.jpg
OPMBNTFB0321,+/samsung-z3-(z300h).jpg,+/samsung-z3-(z300h).jpg,+/samsung-z3-(z300h).jpg,/samsung-z3-(z300h)-right.jpg;/samsung-z3-(z300h)-left.jpg
OPMBNTFB0631,+/Moto-M-grey.jpg,+/Moto-M-grey.jpg,+/Moto-M-grey.jpg,/Moto-M-grey-right.jpg;/Moto-M-grey-left.jpg
OPMBNTFB0217,+/moto-x-XT1052-white.jpg,+/moto-x-XT1052-white.jpg,+/moto-x-XT1052-white.jpg,/moto-x-XT1052-white-right.jpg;/moto-x-XT1052-white-left.jpg
OPMBNTF0732,+/Lenovo-Vibe-K5-Note-Silver.jpg,+/Lenovo-Vibe-K5-Note-Silver.jpg,+/Lenovo-Vibe-K5-Note-Silver.jpg,/Lenovo-Vibe-K5-Note-Silver-right.jpg;/Lenovo-Vibe-K5-Note-Silver-left.jpg
OPMBNTFB0732,+/Lenovo-Vibe-K5-Note-Silver.jpg,+/Lenovo-Vibe-K5-Note-Silver.jpg,+/Lenovo-Vibe-K5-Note-Silver.jpg,/Lenovo-Vibe-K5-Note-Silver-right.jpg;/Lenovo-Vibe-K5-Note-Silver-left.jpg
OPMBNTFB0734,+/moto-X-play-XT1562-white.jpg,+/moto-X-play-XT1562-white.jpg,+/moto-X-play-XT1562-white.jpg,/moto-X-play-XT1562-white-right.jpg;/moto-X-play-XT1562-white-left.jpg
NEWACC00007,+/Lenovo-Backpack.jpg,+/Lenovo-Backpack.jpg,+/Lenovo-Backpack.jpg,+/Lenovo-Backpack.jpg
OPENACC0009,+/Lenovo-Backpack.jpg,+/Lenovo-Backpack.jpg,+/Lenovo-Backpack.jpg,+/Lenovo-Backpack.jpg
OPMBNTF0470,+/Moto-X-Style-1572.jpg,+/Moto-X-Style-1572.jpg,+/Moto-X-Style-1572.jpg,/Moto-X-Style-1572-right.jpg;/Moto-X-Style-1572-left.jpg
NEWMOB00432,+/Motorola-X-Play.jpg,+/Motorola-X-Play.jpg,+/Motorola-X-Play.jpg,/Motorola-X-Play-right.jpg;/Motorola-X-Play-left.jpg
OPMBNTF0765,+/Motorola-X-Play.jpg,+/Motorola-X-Play.jpg,+/Motorola-X-Play.jpg,/Motorola-X-Play-right.jpg;/Motorola-X-Play-left.jpg
OPMBNTFB0765,+/Motorola-X-Play.jpg,+/Motorola-X-Play.jpg,+/Motorola-X-Play.jpg,/Motorola-X-Play-right.jpg;/Motorola-X-Play-left.jpg
NEWMOB00443,+/Moto-G5S-fine-gold.jpg,+/Moto-G5S-fine-gold.jpg,+/Moto-G5S-fine-gold.jpg,/Moto-G5S-fine-gold-right.jpg;/Moto-G5S-fine-gold-left.jpg
NEWMOB00440,+/Moto-E4-blush-gold.jpg,+/Moto-E4-blush-gold.jpg,+/Moto-E4-blush-gold.jpg,/Moto-E4-blush-gold-right.jpg;/Moto-E4-blush-gold-left.jpg
NEWMOB00442,+/Moto-C-starry-black.jpg,+/Moto-C-starry-black.jpg,+/Moto-C-starry-black.jpg,/Moto-C-starry-black-right.jpg;/Moto-C-starry-black-left.jpg
NEWMOB00441,+/Moto-C-pearl-white.jpg,+/Moto-C-pearl-white.jpg,+/Moto-C-pearl-white.jpg,/Moto-C-pearl-white-right.jpg;/Moto-C-pearl-white-left.jpg
NEWMOB00445,+/Motorola-X-Force-grey-nylon.jpg,+/Motorola-X-Force-grey-nylon.jpg,+/Motorola-X-Force-grey-nylon.jpg,/Motorola-X-Force-grey-nylon-right.jpg;/Motorola-X-Force-grey-nylon-left.jpg
OPMBNTF0776,+/Moto-G5S-fine-gold.jpg,+/Moto-G5S-fine-gold.jpg,+/Moto-G5S-fine-gold.jpg,/Moto-G5S-fine-gold-right.jpg;/Moto-G5S-fine-gold-left.jpg
OPMBNTF0773,+/Moto-E4-blush-gold.jpg,+/Moto-E4-blush-gold.jpg,+/Moto-E4-blush-gold.jpg,/Moto-E4-blush-gold-right.jpg;/Moto-E4-blush-gold-left.jpg
OPMBNTF0775,+/Moto-C-starry-black.jpg,+/Moto-C-starry-black.jpg,+/Moto-C-starry-black.jpg,/Moto-C-starry-black-right.jpg;/Moto-C-starry-black-left.jpg
OPMBNTF0774,+/Moto-C-pearl-white.jpg,+/Moto-C-pearl-white.jpg,+/Moto-C-pearl-white.jpg,/Moto-C-pearl-white-right.jpg;/Moto-C-pearl-white-left.jpg
OPMBNTF0778,+/Motorola-X-Force-grey-nylon.jpg,+/Motorola-X-Force-grey-nylon.jpg,+/Motorola-X-Force-grey-nylon.jpg,/Motorola-X-Force-grey-nylon-right.jpg;/Motorola-X-Force-grey-nylon-left.jpg
OPMBNTFB0776,+/Moto-G5S-fine-gold.jpg,+/Moto-G5S-fine-gold.jpg,+/Moto-G5S-fine-gold.jpg,/Moto-G5S-fine-gold-right.jpg;/Moto-G5S-fine-gold-left.jpg
OPMBNTFB0773,+/Moto-E4-blush-gold.jpg,+/Moto-E4-blush-gold.jpg,+/Moto-E4-blush-gold.jpg,/Moto-E4-blush-gold-right.jpg;/Moto-E4-blush-gold-left.jpg
OPMBNTFB0775,+/Moto-C-starry-black.jpg,+/Moto-C-starry-black.jpg,+/Moto-C-starry-black.jpg,/Moto-C-starry-black-right.jpg;/Moto-C-starry-black-left.jpg
OPMBNTFB0774,+/Moto-C-pearl-white.jpg,+/Moto-C-pearl-white.jpg,+/Moto-C-pearl-white.jpg,/Moto-C-pearl-white-right.jpg;/Moto-C-pearl-white-left.jpg
OPMBNTFB0778,+/Motorola-X-Force-grey-nylon.jpg,+/Motorola-X-Force-grey-nylon.jpg,+/Motorola-X-Force-grey-nylon.jpg,/Motorola-X-Force-grey-nylon-right.jpg;/Motorola-X-Force-grey-nylon-left.jpg
NEWMOB00446,+/moto-X-play-XT1562-white.jpg,+/moto-X-play-XT1562-white.jpg,+/moto-X-play-XT1562-white.jpg,/moto-X-play-XT1562-white-right.jpg;/moto-X-play-XT1562-white-left.jpg
OPMBNTF0779,+/moto-X-play-XT1562-white.jpg,+/moto-X-play-XT1562-white.jpg,+/moto-X-play-XT1562-white.jpg,/moto-X-play-XT1562-white-right.jpg;/moto-X-play-XT1562-white-left.jpg
OPMBNTFB0779,+/moto-X-play-XT1562-white.jpg,+/moto-X-play-XT1562-white.jpg,+/moto-X-play-XT1562-white.jpg,/moto-X-play-XT1562-white-right.jpg;/moto-X-play-XT1562-white-left.jpg
NEWMOB00449,+/Motorola-X-Play.jpg,+/Motorola-X-Play.jpg,+/Motorola-X-Play.jpg,/Motorola-X-Play-right.jpg;/Motorola-X-Play-left.jpg
OPMBNTF0783,+/Motorola-X-Play.jpg,+/Motorola-X-Play.jpg,+/Motorola-X-Play.jpg,/Motorola-X-Play-right.jpg;/Motorola-X-Play-left.jpg
OPMBNTFB0783,+/Motorola-X-Play.jpg,+/Motorola-X-Play.jpg,+/Motorola-X-Play.jpg,/Motorola-X-Play-right.jpg;/Motorola-X-Play-left.jpg
OPMBNTFB0082,+/moto-E-2nd-gen-XT1506-White.jpg,+/moto-E-2nd-gen-XT1506-White.jpg,+/moto-E-2nd-gen-XT1506-White.jpg,/moto-E-2nd-gen-XT1506-White-right.jpg;/moto-E-2nd-gen-XT1506-White-left.jpg
OPMBNTFB0431,+/Lenovo-Vibe-X-S960-Silver.jpg,+/Lenovo-Vibe-X-S960-Silver.jpg,+/Lenovo-Vibe-X-S960-Silver.jpg,/Lenovo-Vibe-X-S960-Silver-right.jpg;/Lenovo-Vibe-X-S960-Silver-left.jpg
OPMBNTFB0437,+/Lenovo-Vibe-K4-Note.jpg,+/Lenovo-Vibe-K4-Note.jpg,+/Lenovo-Vibe-K4-Note.jpg,/Lenovo-Vibe-K4-Note-right.jpg;/Lenovo-Vibe-K4-Note-left.jpg
OPMBNTF0561,+/Asus-Zenfone-max-black.jpg,+/Asus-Zenfone-max-black.jpg,+/Asus-Zenfone-max-black.jpg,/Asus-Zenfone-max-black-right.jpg;/Asus-Zenfone-max-black-left.jpg
OPMBNTF0617,+/Asus-Zenfone3-white.jpg,+/Asus-Zenfone3-white.jpg,+/Asus-Zenfone3-white.jpg,/Asus-Zenfone3-white-right.jpg;/Asus-Zenfone3-white-left.jpg
OPMBNTF0618,+/Asus-Zenfone3-gold.jpg,+/Asus-Zenfone3-gold.jpg,+/Asus-Zenfone3-gold.jpg,/Asus-Zenfone3-gold-right.jpg;/Asus-Zenfone3-gold-left.jpg
OPMBNTF0627,+/Asus-Zenfone-Selfie-Gold.jpg,+/Asus-Zenfone-Selfie-Gold.jpg,+/Asus-Zenfone-Selfie-Gold.jpg,/Asus-Zenfone-Selfie-Gold-right.jpg;/Asus-Zenfone-Selfie-Gold-left.jpg
OPMBNTF0628,+/Asus-Zenfone-2-Laser-Black.jpg,+/Asus-Zenfone-2-Laser-Black.jpg,+/Asus-Zenfone-2-Laser-Black.jpg,/Asus-Zenfone-2-Laser-Black-right.jpg;/Asus-Zenfone-2-Laser-Black-left.jpg
ASMBA000094,+/samsung-galaxy-grand-duos.jpg,+/samsung-galaxy-grand-duos.jpg,+/samsung-galaxy-grand-duos.jpg,/samsung-galaxy-grand-duos-right.jpg;/samsung-galaxy-grand-duos-left.jpg
ASMBA000096,+/samsung-galaxy-core-2.jpg,+/samsung-galaxy-core-2.jpg,+/samsung-galaxy-core-2.jpg,/samsung-galaxy-core-2-right.jpg;/samsung-galaxy-core-2-left.jpg
ASMBA000102,+/samsung-galaxy-note-3.jpg,+/samsung-galaxy-note-3.jpg,+/samsung-galaxy-note-3.jpg,+/samsung-galaxy-note-3.jpg
ASMBA000091,+/samsung-galaxy-grand-prime.jpg,+/samsung-galaxy-grand-prime.jpg,+/samsung-galaxy-grand-prime.jpg,+/samsung-galaxy-grand-prime.jpg
ASMBA000101,+/samsung-galaxy-y.jpg,+/samsung-galaxy-y.jpg,+/samsung-galaxy-y.jpg,/samsung-galaxy-y-right.jpg;/samsung-galaxy-y-left.jpg
ASMBA000083,+/lenovo-A526.jpg,+/lenovo-A526.jpg,+/lenovo-A526.jpg,/lenovo-A526-right.jpg;/lenovo-A526-left.jpg
ASMBA000095,+/samsung-galaxy-grand-2.jpg,+/samsung-galaxy-grand-2.jpg,+/samsung-galaxy-grand-2.jpg,/samsung-galaxy-grand-2-right.jpg;/samsung-galaxy-grand-2-left.jpg
ASMBA000098,+/Lenovo-Vibe-K5-Note.jpg,+/Lenovo-Vibe-K5-Note.jpg,+/Lenovo-Vibe-K5-Note.jpg,/Lenovo-Vibe-K5-Note-right.jpg;/Lenovo-Vibe-K5-Note-left.jpg
ASMBA000105,+/samsung-galaxy-note-1.jpg,+/samsung-galaxy-note-1.jpg,+/samsung-galaxy-note-1.jpg,+/samsung-galaxy-note-1.jpg
