sku,image,small_image,thumbnail,gallery
OPMBNTFB0019,+/Moto-G5-Lunar-Grey.jpg,+/Moto-G5-Lunar-Grey.jpg,+/Moto-G5-Lunar-Grey.jpg,/Moto-G5-Lunar-Grey-right.jpg;/Moto-G5-Lunar-Grey-left.jpg
OPMBNTFB0020,+/Moto-G5-Fine-Gold.jpg,+/Moto-G5-Fine-Gold.jpg,+/Moto-G5-Fine-Gold.jpg,/Moto-G5-Fine-Gold-right.jpg;/Moto-G5-Fine-Gold-left.jpg
OPMBNTFB0025,+/Redmi-Note-3-gold.jpg,+/Redmi-Note-3-gold.jpg,+/Redmi-Note-3-gold.jpg,/Redmi-Note-3-Gold-right.jpg;/Redmi-Note-3-Gold-left.jpg
OPMBNTFB0035,+/Moto-G5-Plus-Fine-Gold.jpg,+/Moto-G5-Plus-Fine-Gold.jpg,+/Moto-G5-Plus-Fine-Gold.jpg,/Moto-G5-Plus-Fine-Gold-right.jpg;/Moto-G5-Plus-Fine-Gold-left.jpg
OPMBNTFB0045,+/Moto-X-Force-Black.jpg,+/Moto-X-Force-Black.jpg,+/Moto-X-Force-Black.jpg,/Moto-X-Force-Black-right.jpg;/Moto-X-Force-Black-left.jpg
OPMBNTFB0046,+/Redmi-Note-3-Dark-Grey.jpg,+/Redmi-Note-3-Dark-Grey.jpg,+/Redmi-Note-3-Dark-Grey.jpg,/Redmi-Note-3-Dark-Grey-right.jpg;/Redmi-Note-3-Dark-Grey-left.jpg
OPMBNTFB0058,+/OnePlus-3-Graphite.jpg,+/OnePlus-3-Graphite.jpg,+/OnePlus-3-Graphite.jpg,/OnePlus-3-Graphite-right.jpg;/OnePlus-3-Graphite-left.jpg
OPMBNTFB0061,+/Redmi-Note-3-Silver.jpg,+/Redmi-Note-3-Silver.jpg,+/Redmi-Note-3-Silver.jpg,/Redmi-Note-3-Silver-right.jpg;/Redmi-Note-3-Silver-left.jpg
OPMBNTFB0064,+/Redmi-Note-3-Dark-Grey.jpg,+/Redmi-Note-3-Dark-Grey.jpg,+/Redmi-Note-3-Dark-Grey.jpg,/Redmi-Note-3-Dark-Grey-right.jpg;/Redmi-Note-3-Dark-Grey-left.jpg
OPMBNTFB0065,+/Moto-Z-Play-Black.jpg,+/Moto-Z-Play-Black.jpg,+/Moto-Z-Play-Black.jpg,/Moto-Z-Play-Black-right.jpg;/Moto-Z-Play-Black-left.jpg
OPMBNTFB0093,+/Moto-G-Turbo-Edition-White.jpg,+/Moto-G-Turbo-Edition-White.jpg,+/Moto-G-Turbo-Edition-White.jpg,/Moto-G-Turbo-Edition-White-right.jpg;/Moto-G-Turbo-Edition-White-left.jpg
OPMBNTFB0115,+/Samsung-Galaxy-C9-Pro-C900F-Black.jpg,+/Samsung-Galaxy-C9-Pro-C900F-Black.jpg,+/Samsung-Galaxy-C9-Pro-C900F-Black.jpg,/Samsung-Galaxy-C9-Pro-C900F-Black-right.jpg;/Samsung-Galaxy-C9-Pro-C900F-Black-left.jpg
OPMBNTFB0433,+/samsung-s3-neo-i9300-white.jpg,+/samsung-s3-neo-i9300-white.jpg,+/samsung-s3-neo-i9300-white.jpg,/samsung-s3-neo-i9300-white-right.jpg;/samsung-s3-neo-i9300-white-left.jpg
OPMBNTFB0463,+/Motorola-E3-Power-White.jpg,+/Motorola-E3-Power-White.jpg,+/Motorola-E3-Power-White.jpg,/Motorola-E3-Power-White-right.jpg;/Motorola-E3-Power-White-left.jpg
OPMBNTFB0471,+/Moto-Z-Play- White.jpg,+/Moto-Z-Play- White.jpg,+/Moto-Z-Play- White.jpg,/Moto-Z-Play- White.jpg
OPMBNTFB0521,+/Samsung-Z1-Tizen-Gold.jpg,+/Samsung-Z1-Tizen-Gold.jpg,+/Samsung-Z1-Tizen-Gold.jpg,/Samsung-Z1-Tizen-Gold-right.jpg;/Samsung-Z1-Tizen-Gold-left.jpg
OPMBNTFB0555,+/Moto-E3-Power-Black.jpg,+/Moto-E3-Power-Black.jpg,+/Moto-E3-Power-Black.jpg,/Moto-E3-Power-Black-right.jpg;/Moto-E3-Power-Black-left.jpg
OPMBNTFB0568,+/Moto-Z-Black.jpg,+/Moto-Z-Black.jpg,+/Moto-Z-Black.jpg,/Moto-Z-Black-right.jpg;/Moto-Z-Black-left.jpg
OPMBNTFB0602,+/Moto-M-Silver.jpg,+/Moto-M-Silver.jpg,+/Moto-M-Silver.jpg,/Moto-M-Silver-right.jpg;/Moto-M-Silver-left.jpg
OPMBNTFB0603,+/Moto-M-Gold.jpg,+/Moto-M-Gold.jpg,+/Moto-M-Gold.jpg,/Moto-M-Gold-right.jpg;/Moto-M-Gold-left.jpg
OPMBNTFB0606,+/Asus-Zenfone-3-Black.jpg,+/Asus-Zenfone-3-Black.jpg,+/Asus-Zenfone-3-Black.jpg,/Asus-Zenfone-3-Black-right.jpg;/Asus-Zenfone-3-Black-left.jpg
OPMBNTFB0619,+/Asus-Zenfone-2-ZE551ML-Silver.jpg,+/Asus-Zenfone-2-ZE551ML-Silver.jpg,+/Asus-Zenfone-2-ZE551ML-Silver.jpg,/Asus-Zenfone-2-ZE551ML-Silver-right.jpg;/Asus-Zenfone-2-ZE551ML-Silver-left.jpg
OPMBNTFB0074,+/Samsung-Galaxy-J7-Gold.jpg,+/Samsung-Galaxy-J7-Gold.jpg,+/Samsung-Galaxy-J7-Gold.jpg,/Samsung-Galaxy-J7-Gold-right.jpg;/Samsung-Galaxy-J7-Gold-left.jpg
OPMBNTFB0652,+/Samsung-Galaxy-C9-Pro-C900F-Gold.jpg,+/Samsung-Galaxy-C9-Pro-C900F-Gold.jpg,+/Samsung-Galaxy-C9-Pro-C900F-Gold.jpg,/Samsung-Galaxy-C9-Pro-C900F-Gold-right.jpg;/Samsung-Galaxy-C9-Pro-C900F-Gold-left.jpg
OPMBNTFB0002,+/samsung-galaxy-j5-6-gold.jpg,+/samsung-galaxy-j5-6-gold.jpg,+/samsung-galaxy-j5-6-gold.jpg,/samsung-galaxy-j5-6-gold-right.jpg;/samsung-galaxy-j5-6-gold-left.jpg
OPMBNTFB0009,+/samsung-galaxy-j5-6-black.jpg,+/samsung-galaxy-j5-6-black.jpg,+/samsung-galaxy-j5-6-black.jpg,/samsung-galaxy-j5-6-black-right.jpg;/samsung-galaxy-j5-6-black-left.jpg
OPMBNTFB0028,+/Moto-G-4th-Gen-Black.jpg,+/Moto-G-4th-Gen-Black.jpg,+/Moto-G-4th-Gen-Black.jpg,/Moto-G-4th-Gen-Black-right.jpg;/Moto-G-4th-Gen-Black-left.jpg
OPMBNTFB0037,+/Moto-G-4th-Gen-Black.jpg,+/Moto-G-4th-Gen-Black.jpg,+/Moto-G-4th-Gen-Black.jpg,/Moto-G-4th-Gen-Black-right.jpg;/Moto-G-4th-Gen-Black-left.jpg
OPMBNTFB0047,+/Moto-X-Force-Black.jpg,+/Moto-X-Force-Black.jpg,+/Moto-X-Force-Black.jpg,/Moto-X-Force-Black-right.jpg;/Moto-X-Force-Black-left.jpg
OPMBNTFB0067,+/Samsung-Galaxy-On8-Gold.jpg,+/Samsung-Galaxy-On8-Gold.jpg,+/Samsung-Galaxy-On8-Gold.jpg,/Samsung-Galaxy-On8-Gold-right.jpg;/Samsung-Galaxy-On8-Gold-left.jpg
OPMBNTFB0099,+/Moto-M-Grey.jpg,+/Moto-M-Grey.jpg,+/Moto-M-Grey.jpg,/Moto-M-Grey-right.jpg;/Moto-M-Grey-left.jpg
OPMBNTFB0587,+/Moto-M-Grey.jpg,+/Moto-M-Grey.jpg,+/Moto-M-Grey.jpg,/Moto-M-Grey-right.jpg;/Moto-M-Grey-left.jpg
OPMBNTFB0681,+/XIAOMI-Redmi-2-Prime-Grey.jpg,+/XIAOMI-Redmi-2-Prime-Grey.jpg,+/XIAOMI-Redmi-2-Prime-Grey.jpg,/XIAOMI-Redmi-2-Prime-Grey-right.jpg;/XIAOMI-Redmi-2-Prime-Grey-left.jpg
OPMBNTFB0699,+/Xiaomi-Redmi-Note-Prime-White.jpg,+/Xiaomi-Redmi-Note-Prime-White.jpg,+/Xiaomi-Redmi-Note-Prime-White.jpg,/Xiaomi-Redmi-Note-Prime-White-right.jpg;/Xiaomi-Redmi-Note-Prime-White-left.jpg
OPMBNTFB0499,+/samsung-galaxy-grand-2.jpg,+/samsung-galaxy-grand-2.jpg,+/samsung-galaxy-grand-2.jpg,/samsung-galaxy-grand-2-right.jpg;/samsung-galaxy-grand-2-left.jpg
OPMBNTFB0678,+/Samsung-Galaxy-Note-3-White.jpg,+/Samsung-Galaxy-Note-3-White.jpg,+/Samsung-Galaxy-Note-3-White.jpg,/Samsung-Galaxy-Note-3-White-right.jpg;/Samsung-Galaxy-Note-3-White-left.jpg
OPMBNTFB0322,+/Samsung-Z3-Gold.jpg,+/Samsung-Z3-Gold.jpg,+/Samsung-Z3-Gold.jpg,/Samsung-Z3-Gold-right.jpg;/Samsung-Z3-Gold-left.jpg
OPMBNTFB0472,+/Moto-X-Force-White.jpg,+/Moto-X-Force-White.jpg,+/Moto-X-Force-White.jpg,/Moto-X-Force-White-right.jpg;/Moto-X-Force-White-left.jpg
OPMBNTFB0107,+/OnePlus-3T-Gunmetal.jpg,+/OnePlus-3T-Gunmetal.jpg,+/OnePlus-3T-Gunmetal.jpg,/OnePlus-3T-Gunmetal-right.jpg;/OnePlus-3T-Gunmetal-left.jpg
OPMBNTFB0096,+/Asus-Zenfone-Max-Black.jpg,+/Asus-Zenfone-Max-Black.jpg,+/Asus-Zenfone-Max-Black.jpg,/Asus-Zenfone-Max-Black-right.jpg;/Asus-Zenfone-Max-Black-left.jpg
OPMBNTFB0604,+/Moto-G5-Plus-Lunar-Grey.jpg,+/Moto-G5-Plus-Lunar-Grey.jpg,+/Moto-G5-Plus-Lunar-Grey.jpg,/Moto-G5-Plus-Lunar-Grey-right.jpg;/Moto-G5-Plus-Lunar-Grey-left.jpg
OPMBNTFB0632,+/Moto-M-Grey.jpg,+/Moto-M-Grey.jpg,+/Moto-M-Grey.jpg,/Moto-M-Grey-right.jpg;/Moto-M-Grey-left.jpg
OPMBNTFB0598,+/Moto-M-Gold.jpg,+/Moto-M-Gold.jpg,+/Moto-M-Gold.jpg,/Moto-M-Gold-right.jpg;/Moto-M-Gold-left.jpg
OPMBNTFB0504,+/samsung-galaxy-j5-prime-gold.jpg,+/samsung-galaxy-j5-prime-gold.jpg,+/samsung-galaxy-j5-prime-gold.jpg,/samsung-galaxy-j5-prime-gold-right.jpg;/samsung-galaxy-j5-prime-gold-left.jpg
OPMBNTFB0466,+/Motorola-Nexus-6-White.jpg,+/Motorola-Nexus-6-White.jpg,+/Motorola-Nexus-6-White.jpg,/Motorola-Nexus-6-White-right.jpg;/Motorola-Nexus-6-White-left.jpg
OPMBNTFB0608,+/asus-zenfone-3-max-grey.jpg,+/asus-zenfone-3-max-grey.jpg,+/asus-zenfone-3-max-grey.jpg,/asus-zenfone-3-max-grey-right.jpg;/asus-zenfone-3-max-grey-left.jpg
OPMBNTFB0622,+/asus-zenfone-3-max-gold.jpg,+/asus-zenfone-3-max-gold.jpg,+/asus-zenfone-3-max-gold.jpg,/asus-zenfone-3-max-gold-right.jpg;/asus-zenfone-3-max-gold-left.jpg
OPMBNTFB0596,+/sony-xperia-e1-d2-105-white.jpg,+/sony-xperia-e1-d2-105-white.jpg,+/sony-xperia-e1-d2-105-white.jpg,/sony-xperia-e1-d2-105-white-right.jpg;/sony-xperia-e1-d2-105-white-left.jpg
QCMBB000211,+/Micromax-Unite-2-A106.jpg,+/Micromax-Unite-2-A106.jpg,+/Micromax-Unite-2-A106.jpg,/Micromax-Unite-2-A106-right.jpg;/Micromax-Unite-2-A106-left.jpg
OPMBNTFB0457,+/Micromax-Canvas-Pulse-Grey.jpg,+/Micromax-Canvas-Pulse-Grey.jpg,+/Micromax-Canvas-Pulse-Grey.jpg,/Micromax-Canvas-Pulse-Grey-right.jpg;/Micromax-Canvas-Pulse-Grey-left.jpg
OPMBNTFB0148,+/Coolpad-Mega-2.5D-Royal-Gold.jpg,+/Coolpad-Mega-2.5D-Royal-Gold.jpg,+/Coolpad-Mega-2.5D-Royal-Gold.jpg,/Coolpad-Mega-2.5D-Royal-Gold-right.jpg;/Coolpad-Mega-2.5D-Royal-Gold-left.jpg
OPMBNTF0446,+/Micromax-Canvas-A290-1GB-Black+Gold.jpg,+/Micromax-Canvas-A290-1GB-Black+Gold.jpg,+/Micromax-Canvas-A290-1GB-Black+Gold.jpg,/Micromax-Canvas-A290-1GB-Black+Gold-right.jpg;/Micromax-Canvas-A290-1GB-Black+Gold-left.jpg
NEWMOB00431,+/Karbonn-Smart-Titanium-Mach-Five-Champagne.jpg,+/Karbonn-Smart-Titanium-Mach-Five-Champagne.jpg,+/Karbonn-Smart-Titanium-Mach-Five-Champagne.jpg,/Karbonn-Smart-Titanium-Mach-Five-Champagne.jpg;/Karbonn-Smart-Titanium-Mach-Five-Champagne-right.jpg
OPMBNTF0764,+/Karbonn-Smart-Titanium-Mach-Five-Champagne.jpg,+/Karbonn-Smart-Titanium-Mach-Five-Champagne.jpg,+/Karbonn-Smart-Titanium-Mach-Five-Champagne.jpg,/Karbonn-Smart-Titanium-Mach-Five-Champagne.jpg;/Karbonn-Smart-Titanium-Mach-Five-Champagne-right.jpg
OPMBNTFB0764,+/Karbonn-Smart-Titanium-Mach-Five-Champagne.jpg,+/Karbonn-Smart-Titanium-Mach-Five-Champagne.jpg,+/Karbonn-Smart-Titanium-Mach-Five-Champagne.jpg,/Karbonn-Smart-Titanium-Mach-Five-Champagne.jpg;/Karbonn-Smart-Titanium-Mach-Five-Champagne-right.jpg
NEWMOB00436,+/Redmi-Note-4-Dark-Grey.jpg,+/Redmi-Note-4-Dark-Grey.jpg,+/Redmi-Note-4-Dark-Grey.jpg,/Redmi-Note-4-Dark-Grey-right.jpg;/Redmi-Note-4-Dark-Grey-left.jpg
OPMBNTF0769,+/Redmi-Note-4-Dark-Grey.jpg,+/Redmi-Note-4-Dark-Grey.jpg,+/Redmi-Note-4-Dark-Grey.jpg,/Redmi-Note-4-Dark-Grey-right.jpg;/Redmi-Note-4-Dark-Grey-left.jpg
OPMBNTFB0769,+/Redmi-Note-4-Dark-Grey.jpg,+/Redmi-Note-4-Dark-Grey.jpg,+/Redmi-Note-4-Dark-Grey.jpg,/Redmi-Note-4-Dark-Grey-right.jpg;/Redmi-Note-4-Dark-Grey-left.jpg
NEWMOB00447,+/Mi-Max-Grey.jpg,+/Mi-Max-Grey.jpg,+/Mi-Max-Grey.jpg,/Mi-Max-Grey-right.jpg;/Mi-Max-Grey-left.jpg
OPMBNTF0781,+/Mi-Max-Grey.jpg,+/Mi-Max-Grey.jpg,+/Mi-Max-Grey.jpg,/Mi-Max-Grey-right.jpg;/Mi-Max-Grey-left.jpg
OPMBNTFB0781,+/Mi-Max-Grey.jpg,+/Mi-Max-Grey.jpg,+/Mi-Max-Grey.jpg,/Mi-Max-Grey-right.jpg;/Mi-Max-Grey-left.jpg
OPMBNTF0303,+/Micromax-Canvas-Tab-P290-Black.jpg,+/Micromax-Canvas-Tab-P290-Black.jpg,+/Micromax-Canvas-Tab-P290-Black.jpg,/Micromax-Canvas-Tab-P290-Black-right.jpg;/Micromax-Canvas-Tab-P290-Black-left.jpg
OPMBNTF0445,+/Micromax-Bolt-A24.jpg,+/Micromax-Bolt-A24.jpg,+/Micromax-Bolt-A24.jpg,/Micromax-Bolt-A24-right.jpg;/Micromax-Bolt-A24-left.jpg
OPMBNTF0447,+/Micromax-Canvas-Doodle-4-White.jpg,+/Micromax-Canvas-Doodle-4-White.jpg,+/Micromax-Canvas-Doodle-4-White.jpg,/Micromax-Canvas-Doodle-4-White-right.jpg;/Micromax-Canvas-Doodle-4-White-left.jpg
OPMBNTF0449,+/Micromax-Canvas-Pep-Blue.jpg,+/Micromax-Canvas-Pep-Blue.jpg,+/Micromax-Canvas-Pep-Blue.jpg,/Micromax-Canvas-Pep-Blue-right.jpg;/Micromax-Canvas-Pep-Blue-left.jpg
OPMBNTF0452,+/Micromax-X071-White.jpg,+/Micromax-X071-White.jpg,+/Micromax-X071-White.jpg,/Micromax-X071-White.jpg;/Micromax-X071-White-right.jpg
OPMBNTF0454,+/Micromax-X520-Black.jpg,+/Micromax-X520-Black.jpg,+/Micromax-X520-Black.jpg,/Micromax-X520-Black.jpg
OPMBNTF0456,+/Micromax-X402-Black.jpg,+/Micromax-X402-Black.jpg,+/Micromax-X402-Black.jpg,/Micromax-X402-Black-right.jpg;/Micromax-X402-Black-left.jpg
OPMBNTF0460,+/Microsoft-Lumia-640-black.jpg,+/Microsoft-Lumia-640-black.jpg,+/Microsoft-Lumia-640-black.jpg,/Microsoft-Lumia-640-black-right.jpg;/Microsoft-Lumia-640-black-left.jpg
OPMBNTF0461,+/Microsoft-Lumia-650-black.jpg,+/Microsoft-Lumia-650-black.jpg,+/Microsoft-Lumia-650-black.jpg,/Microsoft-Lumia-650-black-right.jpg;/Microsoft-Lumia-650-black-left.jpg
OPMBNTF0444,+/Micromax-A106-Red.jpg,+/Micromax-A106-Red.jpg,+/Micromax-A106-Red.jpg,/Micromax-A106-Red-right.jpg;/Micromax-A106-Red-left.jpg
