sku,image,small_image,thumbnail,gallery,
OPMBNTF0619,+/Asus-Zenfone-2-ZE551ML-Silver.jpg,+/Asus-Zenfone-2-ZE551ML-Silver.jpg,+/Asus-Zenfone-2-ZE551ML-Silver.jpg,/Asus-Zenfone-2-ZE551ML-Silver-right.jpg;/Asus-Zenfone-2-ZE551ML-Silver-left.jpg,
OPMBNTF0166,+/Lenovo-K3-Note-Yellow.jpg,+/Lenovo-K3-Note-Yellow.jpg,+/Lenovo-K3-Note-Yellow.jpg,/Lenovo-K3-Note-Yellow-right.jpg;/Lenovo-K3-Note-Yellow-left.jpg,
OPMBNTF0207,+/HTC-Desire-828-Dark-Grey.jpg,+/HTC-Desire-828-Dark-Grey.jpg,+/HTC-Desire-828-Dark-Grey.jpg,/HTC-Desire-828-Dark-Grey-right.jpg;/HTC-Desire-828-Dark-Grey-left.jpg,
OPMBNTF0087,+/Asus-Zenfone-2-Laser-ZE550ML-Black.jpg,+/Asus-Zenfone-2-Laser-ZE550ML-Black.jpg,+/Asus-Zenfone-2-Laser-ZE550ML-Black.jpg,/Asus-Zenfone-2-Laser-ZE550ML-Black-right.jpg;/Asus-Zenfone-2-Laser-ZE550ML-Black-left.jpg,
OPMBNTF0469,+/Moto-X-Play-White.jpg,+/Moto-X-Play-White.jpg,+/Moto-X-Play-White.jpg,/Moto-X-Play-White-right.jpg;/Moto-X-Play-White-left.jpg,
OPMBNTF0500,+/samsung-galaxy-grand-neo-plus-white.jpg,+/samsung-galaxy-grand-neo-plus-white.jpg,+/samsung-galaxy-grand-neo-plus-white.jpg,/samsung-galaxy-grand-neo-plus-white-right.jpg;/samsung-galaxy-grand-neo-plus-white-left.jpg,
OPMBNTF0313,+/Samsung-Galaxy-J7-White.jpg,+/Samsung-Galaxy-J7-White.jpg,+/Samsung-Galaxy-J7-White.jpg,/Samsung-Galaxy-J7-White-right.jpg;/Samsung-Galaxy-J7-White-left.jpg,
OPMBNTF0121,+/Samsung-Galaxy-J5-j500F-White.jpg,+/Samsung-Galaxy-J5-j500F-White.jpg,+/Samsung-Galaxy-J5-j500F-White.jpg,/Samsung-Galaxy-J5-j500F-White-right.jpg;/Samsung-Galaxy-J5-j500F-White-left.jpg,
OPMBNTF0321,+/samsung-z3-z300h-black.jpg,+/samsung-z3-z300h-black.jpg,+/samsung-z3-z300h-black.jpg,/samsung-z3-z300h-black-right.jpg;/samsung-z3-z300h-black-left.jpg,
OPMBNTF0304,+/micromax-canvas-xpress-2-black.jpg,+/micromax-canvas-xpress-2-black.jpg,+/micromax-canvas-xpress-2-black.jpg,/micromax-canvas-xpress-2-black-right.jpg;/micromax-canvas-xpress-2-black-left.jpg,
OPMBNTF0640,+/Honor-5c-Gold.jpg,+/Honor-5c-Gold.jpg,+/Honor-5c-Gold.jpg,/Honor-5c-Gold-right.jpg;/Honor-5c-Gold-left.jpg,
OPMBNTF0279,+/Honor-5c-Silver.jpg,+/Honor-5c-Silver.jpg,+/Honor-5c-Silver.jpg,/Honor-5c-Silver-right.jpg;/Honor-5c-Silver-left.jpg,
OPMBNTF0206,+/Honor-4C-white.jpg,+/Honor-4C-white.jpg,+/Honor-4C-white.jpg,/Honor-4C-white-right.jpg;/Honor-4C-white-left.jpg,
OPMBNTF0241,+/Infocus-M260-1GB--White-Black.jpg,+/Infocus-M260-1GB--White-Black.jpg,+/Infocus-M260-1GB--White-Black.jpg,/Infocus-M260-1GB--White-Black-right.jpg;/Infocus-M260-1GB--White-Black-left.jpg,
OPMBNTF0668,+/Samsung-Galaxy-S5-G900H-Copper-Gold.jpg,+/Samsung-Galaxy-S5-G900H-Copper-Gold.jpg,+/Samsung-Galaxy-S5-G900H-Copper-Gold.jpg,/Samsung-Galaxy-S5-G900H-Copper-Gold-right.jpg;/Samsung-Galaxy-S5-G900H-Copper-Gold-left.jpg,
OPMBNTF0643,+/Moto-X-Style-XT1572-White.jpg,+/Moto-X-Style-XT1572-White.jpg,+/Moto-X-Style-XT1572-White.jpg,/Moto-X-Style-XT1572-White-right.jpg;/Moto-X-Style-XT1572-White-left.jpg,
OPMBNTF0512,+/Samsung-Galaxy-S5-Blue.jpg,+/Samsung-Galaxy-S5-Blue.jpg,+/Samsung-Galaxy-S5-Blue.jpg,/Samsung-Galaxy-S5-Blue-right.jpg;/Samsung-Galaxy-S5-Blue-left.jpg,
OPMBNTF0177,+/Swipe-Elite-Plus-White.jpg,+/Swipe-Elite-Plus-White.jpg,+/Swipe-Elite-Plus-White.jpg,/Swipe-Elite-Plus-White-right.jpg;/Swipe-Elite-Plus-White-left.jpg,
OPMBNTF0120,+/moto-e-2nd-gen--xt1506-black.jpg,+/moto-e-2nd-gen--xt1506-black.jpg,+/moto-e-2nd-gen--xt1506-black.jpg,/moto-e-2nd-gen--xt1506-black-right.jpg;/moto-e-2nd-gen--xt1506-black-left.jpg,
OPMBNTF0082,+/moto-e-2nd-gen--xt1506-white.jpg,+/moto-e-2nd-gen--xt1506-white.jpg,+/moto-e-2nd-gen--xt1506-white.jpg,/moto-e-2nd-gen--xt1506-white-right.jpg;/moto-e-2nd-gen--xt1506-white-left.jpg,
OPMBNTF0277,+/Coolpad-Note-3-lite-Gold.jpg,+/Coolpad-Note-3-lite-Gold.jpg,+/Coolpad-Note-3-lite-Gold.jpg,/Coolpad-Note-3-lite-Gold-right.jpg;/Coolpad-Note-3-lite-Gold-left.jpg,
OPMBNTF0256,+/Panasonic-Eluga-Turbo-Chamagane-Gold.jpg,+/Panasonic-Eluga-Turbo-Chamagane-Gold.jpg,+/Panasonic-Eluga-Turbo-Chamagane-Gold.jpg,/Panasonic-Eluga-Turbo-Chamagane-Gold-right.jpg;/Panasonic-Eluga-Turbo-Chamagane-Gold-left.jpg,
OPMBNTF0209,+/InFocus-M260-Black-Orange.jpg,+/InFocus-M260-Black-Orange.jpg,+/InFocus-M260-Black-Orange.jpg,/InFocus-M260-Black-Orange-right.jpg;/InFocus-M260-Black-Orange-left.jpg,
OPMBNTF0289,+/Kenxindia-K69-Black.jpg,+/Kenxindia-K69-Black.jpg,+/Kenxindia-K69-Black.jpg,,
OPMBNTF0137,+/Honor-Holy-HOLU19-Black.jpg,+/Honor-Holy-HOLU19-Black.jpg,+/Honor-Holy-HOLU19-Black.jpg,/Honor-Holy-HOLU19-Black-right.jpg;/Honor-Holy-HOLU19-Black-left.jpg,
OPMBNTF0168,+/Micromax-Canvas-Juice-4G-Q461-Grey.jpg,+/Micromax-Canvas-Juice-4G-Q461-Grey.jpg,+/Micromax-Canvas-Juice-4G-Q461-Grey.jpg,/Micromax-Canvas-Juice-4G-Q461-Grey-right.jpg;/Micromax-Canvas-Juice-4G-Q461-Grey-left.jpg,
OPMBNTF0211,+/Karbonn-Smart-A11-Star-White.jpg,+/Karbonn-Smart-A11-Star-White.jpg,+/Karbonn-Smart-A11-Star-White.jpg,/Karbonn-Smart-A11-Star-White.jpg;/Karbonn-Smart-A11-Star-White-right.jpg,
OPMBNTF0212,+/Lava-Iris-Fuel-60-Black.jpg,+/Lava-Iris-Fuel-60-Black.jpg,+/Lava-Iris-Fuel-60-Black.jpg,/Lava-Iris-Fuel-60-Black-right.jpg;/Lava-Iris-Fuel-60-Black-left.jpg,
OPMBNTF0188,+/Lava-Iris-Win1-Black.jpg,+/Lava-Iris-Win1-Black.jpg,+/Lava-Iris-Win1-Black.jpg,/Lava-Iris-Win1-Black-right.jpg;/Lava-Iris-Win1-Black-left.jpg,
OPMBNTF0422,+/Lava-Iris-X1-Atom-Black-&-Gold.jpg,+/Lava-Iris-X1-Atom-Black-&-Gold.jpg,+/Lava-Iris-X1-Atom-Black-&-Gold.jpg,,
OPMBNTF0563,+/Lava-Iris-X1-Atom-White-&-Silver.jpg,+/Lava-Iris-X1-Atom-White-&-Silver.jpg,+/Lava-Iris-X1-Atom-White-&-Silver.jpg,/Lava-Iris-X1-Atom-White-&-Silver-right.jpg;/Lava-Iris-X1-Atom-White-&-Silver-left.jpg,
OPMBNTF0290,+/Lava-Iris-X1-Grand-White-&-Silver.jpg,+/Lava-Iris-X1-Grand-White-&-Silver.jpg,+/Lava-Iris-X1-Grand-White-&-Silver.jpg,/Lava-Iris-X1-Grand-White-&-Silver-right.jpg;/Lava-Iris-X1-Grand-White-&-Silver-left.jpg,
OPMBNTF0213,+/Lava-Iris-X5-Black.jpg,+/Lava-Iris-X5-Black.jpg,+/Lava-Iris-X5-Black.jpg,/Lava-Iris-X5-Black-right.jpg;/Lava-Iris-X5-Black-left.jpg,
OPMBNTF0465,+/Moto-G4-Play-Black.jpg,+/Moto-G4-Play-Black.jpg,+/Moto-G4-Play-Black.jpg,/Moto-G4-Play-Black-right.jpg;/Moto-G4-Play-Black-left.jpg,
OPMBNTF0232,+/Apple-iPhone-6S-Plus-Silver.jpg,+/Apple-iPhone-6S-Plus-Silver.jpg,+/Apple-iPhone-6S-Plus-Silver.jpg,/Apple-iPhone-6S-Plus-Silver-right.jpg;/Apple-iPhone-6S-Plus-Silver-left.jpg,
OPMBNTF0642,+/Coolpad-Note-3S-gold.jpg,+/Coolpad-Note-3S-gold.jpg,+/Coolpad-Note-3S-gold.jpg,/Coolpad-Note-3S-gold-right.jpg;/Coolpad-Note-3S-gold-left.jpg,
OPMBNTF0215,+/Motorola-Moto-E-2nd-Gen-4G-XT1521-White.jpg,+/Motorola-Moto-E-2nd-Gen-4G-XT1521-White.jpg,+/Motorola-Moto-E-2nd-Gen-4G-XT1521-White.jpg,/Motorola-Moto-E-2nd-Gen-4G-XT1521-White-right.jpg;/Motorola-Moto-E-2nd-Gen-4G-XT1521-White-left.jpg,
OPMBNTF0553,+/Lenovo-K6-Power-Grey.jpg,+/Lenovo-K6-Power-Grey.jpg,+/Lenovo-K6-Power-Grey.jpg,/Lenovo-K6-Power-Grey-right.jpg;/Lenovo-K6-Power-Grey-left.jpg,
OPMBNTF0551,+/Lenovo-K6-Power-Gold.jpg,+/Lenovo-K6-Power-Gold.jpg,+/Lenovo-K6-Power-Gold.jpg,/Lenovo-K6-Power-Gold-right.jpg;/Lenovo-K6-Power-Gold-left.jpg,
OPMBNTF0632,+/Moto-M-Grey.jpg,+/Moto-M-Grey.jpg,+/Moto-M-Grey.jpg,/Moto-M-Grey-left.jpg;/Moto-M-Grey-Back.jpg,
OPMBNTF0255,+/Oppo-A57-Gold.jpg,+/Oppo-A57-Gold.jpg,+/Oppo-A57-Gold.jpg,/Oppo-A57-Gold-right.jpg;/Oppo-A57-Gold-left.jpg,
OPMBNTF0424,+/Lava-Iris-X1-Atom-S-Black.jpg,+/Lava-Iris-X1-Atom-S-Black.jpg,+/Lava-Iris-X1-Atom-S-Black.jpg,/Lava-Iris-X1-Atom-S-Black-right.jpg;/Lava-Iris-X1-Atom-S-Black-left.jpg,
OPMBNTF0459,+/Microsoft-Lumia-550-Black.jpg,+/Microsoft-Lumia-550-Black.jpg,+/Microsoft-Lumia-550-Black.jpg,/Microsoft-Lumia-550-Black-right.jpg;/Microsoft-Lumia-550-Black-left.jpg,
OPMBNTF0711,+/Apple-iPhone-SE-Rose-Gold.jpg,+/Apple-iPhone-SE-Rose-Gold.jpg,+/Apple-iPhone-SE-Rose-Gold.jpg,/Apple-iPhone-SE-Rose-Gold-right.jpg;/Apple-iPhone-SE-Rose-Gold-left.jpg,
OPMBNTF0496,+/Samsung-Galaxy-Core-2-SM-G355H-Black.jpg,+/Samsung-Galaxy-Core-2-SM-G355H-Black.jpg,+/Samsung-Galaxy-Core-2-SM-G355H-Black.jpg,/Samsung-Galaxy-Core-2-SM-G355H-Black-right.jpg;/Samsung-Galaxy-Core-2-SM-G355H-Black-left.jpg,
OPMBNTF0301,+/Micromax-Canvas-Juice-2-AQ5001-Silver.jpg,+/Micromax-Canvas-Juice-2-AQ5001-Silver.jpg,+/Micromax-Canvas-Juice-2-AQ5001-Silver.jpg,/Micromax-Canvas-Juice-2-AQ5001-Silver-right.jpg;/Micromax-Canvas-Juice-2-AQ5001-Silver-left.jpg,
OPMBNTF0101,+/Samsung-Galaxy-On5-Black.jpg,+/Samsung-Galaxy-On5-Black.jpg,+/Samsung-Galaxy-On5-Black.jpg,/Samsung-Galaxy-On5-Black-right.jpg;/Samsung-Galaxy-On5-Black-left.jpg,
OPMBNTF0064,+/Redmi-Note-3-Dark-Grey.jpg,+/Redmi-Note-3-Dark-Grey.jpg,+/Redmi-Note-3-Dark-Grey.jpg,/Redmi-Note-3-Dark-Grey-right.jpg;/Redmi-Note-3-Dark-Grey-left.jpg,
OPMBNTF0664,+/Redmi-Note-3-Gold.jpg,+/Redmi-Note-3-Gold.jpg,+/Redmi-Note-3-Gold.jpg,/Redmi-Note-3-Gold-right.jpg;/Redmi-Note-3-Gold-left.jpg,
OPMBNTF0046,+/Redmi-Note-3-Dark-Grey.jpg,+/Redmi-Note-3-Dark-Grey.jpg,+/Redmi-Note-3-Dark-Grey.jpg,/Redmi-Note-3-Dark-Grey-right.jpg;/Redmi-Note-3-Dark-Grey-left.jpg,
OPMBNTF0674,+/samsung-galaxy-grand-2-g7102z-white.jpg,+/samsung-galaxy-grand-2-g7102z-white.jpg,+/samsung-galaxy-grand-2-g7102z-white.jpg,/samsung-galaxy-grand-2-g7102z-white-right.jpg;/samsung-galaxy-grand-2-g7102z-white-left.jpg,
OPMBNTF0147,+/Apple-iPhone-6S-Rose-Gold.jpg,+/Apple-iPhone-6S-Rose-Gold.jpg,+/Apple-iPhone-6S-Rose-Gold.jpg,/Apple-iPhone-6S-Rose-Gold-right.jpg;/Apple-iPhone-6S-Rose-Gold-left.jpg,
OPMBNTF0078,+/Redmi-Note-3-Gold.jpg,+/Redmi-Note-3-Gold.jpg,+/Redmi-Note-3-Gold.jpg,/Redmi-Note-3-Gold-right.jpg;/Redmi-Note-3-Gold-left.jpg,
OPMBNTF0433,+/samsung-s3-neo-i9300-white.jpg,+/samsung-s3-neo-i9300-white.jpg,+/samsung-s3-neo-i9300-white.jpg,/samsung-s3-neo-i9300-white-right.jpg;/samsung-s3-neo-i9300-white-left.jpg,
OPMBNTF0187,+/Infocus-M430-2GB--White.jpg,+/Infocus-M430-2GB--White.jpg,+/Infocus-M430-2GB--White.jpg,/Infocus-M430-2GB--White-right.jpg;/Infocus-M430-2GB--White-left.jpg,
OPMBNTF0025,+/Redmi-Note-3-Gold.jpg,+/Redmi-Note-3-Gold.jpg,+/Redmi-Note-3-Gold.jpg,/Redmi-Note-3-Gold-right.jpg;/Redmi-Note-3-Gold-left.jpg,
OPMBNTF0145,+/Micromax-Canvas-5-E481-black.jpg,+/Micromax-Canvas-5-E481-black.jpg,+/Micromax-Canvas-5-E481-black.jpg,/Micromax-Canvas-5-E481-black-right.jpg;/Micromax-Canvas-5-E481-black-left.jpg,
OPMBNTF0268,+/Yuphoria-YU5010A-Black-Silver.jpg,+/Yuphoria-YU5010A-Black-Silver.jpg,+/Yuphoria-YU5010A-Black-Silver.jpg,/Yuphoria-YU5010A-Black-Silver-right.jpg;/Yuphoria-YU5010A-Black-Silver-left.jpg,
OPMBNTF0583,+/Yuphoria-YU5010A-White-Champ.jpg,+/Yuphoria-YU5010A-White-Champ.jpg,+/Yuphoria-YU5010A-White-Champ.jpg,/Yuphoria-YU5010A-White-Champ-right.jpg;/Yuphoria-YU5010A-White-Champ-left.jpg,
OPMBNTF0108,+/Apple-iPhone-6S-Plus-Space-Grey.jpg,+/Apple-iPhone-6S-Plus-Space-Grey.jpg,+/Apple-iPhone-6S-Plus-Space-Grey.jpg,/Apple-iPhone-6S-Plus-Space-Grey-right.jpg;/Apple-iPhone-6S-Plus-Space-Grey-left.jpg,
OPMBNTF0155,+/Phicomm-Energy-E653-Black.jpg,+/Phicomm-Energy-E653-Black.jpg,+/Phicomm-Energy-E653-Black.jpg,/Phicomm-Energy-E653-Black-right.jpg;/Phicomm-Energy-E653-Black-left.jpg,
OPMBNTF0537,+/Mi-Max-Silver.jpg,+/Mi-Max-Silver.jpg,+/Mi-Max-Silver.jpg,/Mi-Max-Silver-right.jpg;/Mi-Max-Silver-left.jpg,
OPMBNTF0554,+/Mi-Max-Prime-Gold.jpg,+/Mi-Max-Prime-Gold.jpg,+/Mi-Max-Prime-Gold.jpg,/Mi-Max-Prime-Gold-right.jpg;/Mi-Max-Prime-Gold-left.jpg,
OPMBNTF0122,+/Apple-iPhone-6S-Plus-Gold.jpg,+/Apple-iPhone-6S-Plus-Gold.jpg,+/Apple-iPhone-6S-Plus-Gold.jpg,/Apple-iPhone-6S-Plus-Gold-right.jpg;/Apple-iPhone-6S-Plus-Gold-left.jpg,
OPMBNTF0235,+/Gionee-F103-Pro-Gold.jpg,+/Gionee-F103-Pro-Gold.jpg,+/Gionee-F103-Pro-Gold.jpg,/Gionee-F103-Pro-Gold-right.jpg;/Gionee-F103-Pro-Gold-left.jpg,
OPMBNTF0411,+/Karbonn-Titanium-S8-Black-&-Red.jpg,+/Karbonn-Titanium-S8-Black-&-Red.jpg,+/Karbonn-Titanium-S8-Black-&-Red.jpg,/Karbonn-Titanium-S8-Black-&-Red-right.jpg;/Karbonn-Titanium-S8-Black-&-Red-left.jpg,
OPMBNTF0164,+/Lava-Iris-Selfie-50-White.jpg,+/Lava-Iris-Selfie-50-White.jpg,+/Lava-Iris-Selfie-50-White.jpg,/Lava-Iris-Selfie-50-White-right.jpg;/Lava-Iris-Selfie-50-White-left.jpg,
OPMBNTF0008,+/Apple-iPhone-6S-Gold.jpg,+/Apple-iPhone-6S-Gold.jpg,+/Apple-iPhone-6S-Gold.jpg,/Apple-iPhone-6S-Gold-right.jpg;/Apple-iPhone-6S-Gold-left.jpg,
OPMBNTF0012,+/Apple-iPhone-6S-Rose-Gold.jpg,+/Apple-iPhone-6S-Rose-Gold.jpg,+/Apple-iPhone-6S-Rose-Gold.jpg,/Apple-iPhone-6S-Rose-Gold-right.jpg;/Apple-iPhone-6S-Rose-Gold-left.jpg,
OPMBNTF0002,+/samsung-galaxy-j5-6-gold.jpg,+/samsung-galaxy-j5-6-gold.jpg,+/samsung-galaxy-j5-6-gold.jpg,/samsung-galaxy-j5-6-gold-right.jpg;/samsung-galaxy-j5-6-gold-left.jpg,
OPMBNTF0009,+/samsung-Galaxy-J5-6-black.jpg,+/samsung-Galaxy-J5-6-black.jpg,+/samsung-Galaxy-J5-6-black.jpg,/samsung-Galaxy-J5-6-black-right.jpg;/samsung-Galaxy-J5-6-black-left.jpg,
OPMBNTF0004,+/samsung-galaxy-j5-6-gold.jpg,+/samsung-galaxy-j5-6-gold.jpg,+/samsung-galaxy-j5-6-gold.jpg,/samsung-galaxy-j5-6-gold-right.jpg;/samsung-galaxy-j5-6-gold-left.jpg,
OPMBNTF0011,+/Samsung-Galaxy-On7-Black.jpg,+/Samsung-Galaxy-On7-Black.jpg,+/Samsung-Galaxy-On7-Black.jpg,/Samsung-Galaxy-On7-Black-right.jpg;/Samsung-Galaxy-On7-Black-left.jpg,
OPMBNTF0013,+/samsung-galaxy-j5-6-gold.jpg,+/samsung-galaxy-j5-6-gold.jpg,+/samsung-galaxy-j5-6-gold.jpg,/samsung-galaxy-j5-6-gold-right.jpg;/samsung-galaxy-j5-6-gold-left.jpg,
OPMBNTF0079,+/Redmi-Note-4-Gold.jpg,+/Redmi-Note-4-Gold.jpg,+/Redmi-Note-4-Gold.jpg,/Redmi-Note-4-Gold-right.jpg;/Redmi-Note-4-Gold-left.jpg,
OPMBNTF0033,+/Redmi-Note-4-Black.jpg,+/Redmi-Note-4-Black.jpg,+/Redmi-Note-4-Black.jpg,/Redmi-Note-4-Black-right.jpg;/Redmi-Note-4-Black-left.jpg,
OPMBNTF0178,+/Apple-iPhone-SE-Space-Grey.jpg,+/Apple-iPhone-SE-Space-Grey.jpg,+/Apple-iPhone-SE-Space-Grey.jpg,/Apple-iPhone-SE-Space-Grey-right.jpg;/Apple-iPhone-SE-Space-Grey-left.jpg,
OPMBNTF0203,+/Apple-iPhone-6-Space-Grey.jpg,+/Apple-iPhone-6-Space-Grey.jpg,+/Apple-iPhone-6-Space-Grey.jpg,/Apple-iPhone-6-Space-Grey-right.jpg;/Apple-iPhone-6-Space-Grey-left.jpg,
OPMBNTF0057,+/Lenovo-Zuk-Z1-Space-Grey.jpg,+/Lenovo-Zuk-Z1-Space-Grey.jpg,+/Lenovo-Zuk-Z1-Space-Grey.jpg,/Lenovo-Zuk-Z1-Space-Grey-right.jpg;/Lenovo-Zuk-Z1-Space-Grey-left.jpg,
OPMBNTF0062,+/Lenovo-Vibe-K5-Note-Silver.jpg,+/Lenovo-Vibe-K5-Note-Silver.jpg,+/Lenovo-Vibe-K5-Note-Silver.jpg,/Lenovo-Vibe-K5-Note-Silver-right.jpg;/Lenovo-Vibe-K5-Note-Silver-left.jpg,
OPMBNTF0070,+/Samsung-Galaxy-J5-J510F-white.jpg,+/Samsung-Galaxy-J5-J510F-white.jpg,+/Samsung-Galaxy-J5-J510F-white.jpg,/Samsung-Galaxy-J5-J510F-white-right.jpg;/Samsung-Galaxy-J5-J510F-white-left.jpg,
OPMBNTF0463,+/Moto-E3-Power-White.jpg,+/Moto-E3-Power-White.jpg,+/Moto-E3-Power-White.jpg,/Moto-E3-Power-White-right.jpg;/Moto-E3-Power-White-left.jpg,
OPMBNTF0647,+/Moto-E4-Plus-Fine-Gold.jpg,+/Moto-E4-Plus-Fine-Gold.jpg,+/Moto-E4-Plus-Fine-Gold.jpg,/Moto-E4-Plus-Fine-Gold-right.jpg;/Moto-E4-Plus-Fine-Gold-left.jpg,
OPMBNTF0092,+/Lenovo-Vibe-K5-Grey.jpg,+/Lenovo-Vibe-K5-Grey.jpg,+/Lenovo-Vibe-K5-Grey.jpg,/Lenovo-Vibe-K5-Grey-right.jpg;/Lenovo-Vibe-K5-Grey-left.jpg,
OPMBNTF0097,+/Honor-6X-BLN-L22-3GB-Grey.jpg,+/Honor-6X-BLN-L22-3GB-Grey.jpg,+/Honor-6X-BLN-L22-3GB-Grey.jpg,/Honor-6X-BLN-L22-3GB-Grey-right.jpg;/Honor-6X-BLN-L22-3GB-Grey-left.jpg,
OPMBNTF0186,+/Honor-Y541-U02-1GB-Black-White.jpg,+/Honor-Y541-U02-1GB-Black-White.jpg,+/Honor-Y541-U02-1GB-Black-White.jpg,/Honor-Y541-U02-1GB-Black-White-right.jpg;/Honor-Y541-U02-1GB-Black-White-left.jpg,
OPMBNTF0219,+/One-plus-2-Sandstone-Black.jpg,+/One-plus-2-Sandstone-Black.jpg,+/One-plus-2-Sandstone-Black.jpg,/One-plus-2-Sandstone-Black-right.jpg;/One-plus-2-Sandstone-Black-left.jpg,
OPMBNTF0601,+/Mi-Max-2-Black.jpg,+/Mi-Max-2-Black.jpg,+/Mi-Max-2-Black.jpg,/Mi-Max-2-Black-right.jpg;/Mi-Max-2-Black-left.jpg,
OPMBNTF0586,+/Redmi-Note-4-Grey.jpg,+/Redmi-Note-4-Grey.jpg,+/Redmi-Note-4-Grey.jpg,/Redmi-Note-4-Grey-right.jpg;/Redmi-Note-4-Grey-left.jpg,
OPMBNTF0262,+/Apple-iPhone-7-Gold.jpg,+/Apple-iPhone-7-Gold.jpg,+/Apple-iPhone-7-Gold.jpg,/Apple-iPhone-7-Gold-right.jpg;/Apple-iPhone-7-Gold-left.jpg,
OPMBNTF0328,+/Yotaphone-C9660-white.jpg,+/Yotaphone-C9660-white.jpg,+/Yotaphone-C9660-white.jpg,,
OPMBNTF0249,+/moto-g-rd-generation-xt1550-white.jpg,+/moto-g-rd-generation-xt1550-white.jpg,+/moto-g-rd-generation-xt1550-white.jpg,/moto-g-rd-generation-xt1550-white-right.jpg;/moto-g-rd-generation-xt1550-white-left.jpg,
OPMBNTF0306,+/motorola-x-force-xt1580-white.jpg,+/motorola-x-force-xt1580-white.jpg,+/motorola-x-force-xt1580-white.jpg,/motorola-x-force-xt1580-white-right.jpg;/motorola-x-force-xt1580-white-left.jpg,
OPMBNTF0466,+/Motorola-Nexus-6-White.jpg,+/Motorola-Nexus-6-White.jpg,+/Motorola-Nexus-6-White.jpg,/Motorola-Nexus-6-White-right.jpg;/Motorola-Nexus-6-White-left.jpg,
OPMBNTF0671,+/motorola-x-2nd-generation-xt1092-royal-blue.jpg,+/motorola-x-2nd-generation-xt1092-royal-blue.jpg,+/motorola-x-2nd-generation-xt1092-royal-blue.jpg,,
OPMBNTF0608,+/asus-zenfone-3-max-grey.jpg,+/asus-zenfone-3-max-grey.jpg,+/asus-zenfone-3-max-grey.jpg,/asus-zenfone-3-max-grey.jpg;/asus-zenfone-3-max-grey-right.jpg,
OPMBNTF0243,+/xolo-a500s-black.jpg,+/xolo-a500s-black.jpg,+/xolo-a500s-black.jpg,/xolo-a500s-black-right.jpg;/xolo-a500s-black-left.jpg,
OPMBNTF0265,+/samsung-guru-music-2-b310e-black.jpg,+/samsung-guru-music-2-b310e-black.jpg,+/samsung-guru-music-2-b310e-black.jpg,,
OPMBNTF0312,+/Samsung-Galaxy-Grand-I9082-Blue.jpg,+/Samsung-Galaxy-Grand-I9082-Blue.jpg,+/Samsung-Galaxy-Grand-I9082-Blue.jpg,/Samsung-Galaxy-Grand-I9082-Blue-right.jpg;/Samsung-Galaxy-Grand-I9082-Blue-left.jpg,
OPMBNTF0644,+/samsung-galaxy-note-4-frost-white.jpg,+/samsung-galaxy-note-4-frost-white.jpg,+/samsung-galaxy-note-4-frost-white.jpg,/samsung-galaxy-note-4-frost-white-right.jpg;/samsung-galaxy-note-4-frost-white-left.jpg,
OPMBNTF0669,+/samsung-galaxy-note-4-sm-n910gzdeins-bronze-gold.jpg,+/samsung-galaxy-note-4-sm-n910gzdeins-bronze-gold.jpg,+/samsung-galaxy-note-4-sm-n910gzdeins-bronze-gold.jpg,/samsung-galaxy-note-4-sm-n910gzdeins-bronze-gold-right.jpg;/samsung-galaxy-note-4-sm-n910gzdeins-bronze-gold-left.jpg,
OPMBNTF0327,+/xolo-a500s-black.jpg,+/xolo-a500s-black.jpg,+/xolo-a500s-black.jpg,/xolo-a500s-black-right.jpg;/xolo-a500s-black-left.jpg,
OPMBNTF0571,+/Nokia-Lumia-1020-White.jpg,+/Nokia-Lumia-1020-White.jpg,+/Nokia-Lumia-1020-White.jpg,/Nokia-Lumia-1020-White-right.jpg;/Nokia-Lumia-1020-White-left.jpg,
OPMBNTF0300,+/lyf-flame1-black.jpg,+/lyf-flame1-black.jpg,+/lyf-flame1-black.jpg,/lyf-flame1-black-right.jpg;/lyf-flame1-black-left.jpg,
OPMBNTF0566,+/micromax-canvas-5-e481-slate-grey.jpg,+/micromax-canvas-5-e481-slate-grey.jpg,+/micromax-canvas-5-e481-slate-grey.jpg,/micromax-canvas-5-e481-slate-grey-right.jpg;/micromax-canvas-5-e481-slate-grey-left.jpg,
OPMBNTF0518,+/Samsung-Guru-1200-Black.jpg,+/Samsung-Guru-1200-Black.jpg,+/Samsung-Guru-1200-Black.jpg,/Samsung-Guru-1200-Black-right.jpg;/Samsung-Guru-1200-Black-left.jpg,
OPMBNTF0629,+/Asus-Zenfone-2-Black.jpg,+/Asus-Zenfone-2-Black.jpg,+/Asus-Zenfone-2-Black.jpg,/Asus-Zenfone-2-Black-right.jpg;/Asus-Zenfone-2-Black-left.jpg,
OPMBNTF0371,+/HTC-Desire-816G-Dual-Sim-Blue.jpg,+/HTC-Desire-816G-Dual-Sim-Blue.jpg,+/HTC-Desire-816G-Dual-Sim-Blue.jpg,/HTC-Desire-816G-Dual-Sim-Blue-right.jpg;/HTC-Desire-816G-Dual-Sim-Blue-left.jpg,
OPMBNTF0375,+/Huawei-Ascend-G730-White.jpg,+/Huawei-Ascend-G730-White.jpg,+/Huawei-Ascend-G730-White.jpg,/Huawei-Ascend-G730-White-right.jpg;/Huawei-Ascend-G730-White-left.jpg,
OPMBNTF0382,+/Infocus-415-1GB-Black.jpg,+/Infocus-415-1GB-Black.jpg,+/Infocus-415-1GB-Black.jpg,/Infocus-415-1GB-Black.jpg;/Infocus-415-1GB-Black-right.jpg,
OPMBNTF0390,+/Intex-Aqua-Ring-black.jpg,+/Intex-Aqua-Ring-black.jpg,+/Intex-Aqua-Ring-black.jpg,/Intex-Aqua-Ring-black-right.jpg;/Intex-Aqua-Ring-black-left.jpg,
OPMBNTF0392,+/I-Smart-Is-102-Coffee-Black.jpg,+/I-Smart-Is-102-Coffee-Black.jpg,+/I-Smart-Is-102-Coffee-Black.jpg,/I-Smart-Is-102-Coffee-Black-right.jpg;/I-Smart-Is-102-Coffee-Black-left.jpg,
OPMBNTF0413,+/Kimfly-K16-Blue.jpg,+/Kimfly-K16-Blue.jpg,+/Kimfly-K16-Blue.jpg,/Kimfly-K16-Blue.jpg;/Kimfly-K16-Blue-right.jpg,
OPMBNTF0425,+/Lava-Iris-X1-Grand-White.jpg,+/Lava-Iris-X1-Grand-White.jpg,+/Lava-Iris-X1-Grand-White.jpg,/Lava-Iris-X1-Grand-White-right.jpg;/Lava-Iris-X1-Grand-White-left.jpg,
OPMBNTF0426,+/Lava-KKT-Prime-Black.jpg,+/Lava-KKT-Prime-Black.jpg,+/Lava-KKT-Prime-Black.jpg,/Lava-KKT-Prime-Black-right.jpg;/Lava-KKT-Prime-Black-left.jpg,
OPMBNTF0382,+/Infocus-415-1GB-Black.jpg,+/Infocus-415-1GB-Black.jpg,+/Infocus-415-1GB-Black.jpg,/Infocus-415-1GB-Black.jpg;/Infocus-415-1GB-Black-right.jpg,
OPMBNTF0390,+/Intex-Aqua-Ring-black.jpg,+/Intex-Aqua-Ring-black.jpg,+/Intex-Aqua-Ring-black.jpg,/Intex-Aqua-Ring-black-right.jpg;/Intex-Aqua-Ring-black-left.jpg,
OPMBNTF0589,+/InFocus-M535-Gold.jpg,+/InFocus-M535-Gold.jpg,+/InFocus-M535-Gold.jpg,/InFocus-M535-Gold-right.jpg;/InFocus-M535-Gold-left.jpg,
OPMBNTF0493,+/Samsung-Galaxy-A8-A800I-Black.jpg,+/Samsung-Galaxy-A8-A800I-Black.jpg,+/Samsung-Galaxy-A8-A800I-Black.jpg,/Samsung-Galaxy-A8-A800I-Black-right.jpg;/Samsung-Galaxy-A8-A800I-Black-left.jpg,
OPMBNTF0228,+/TCL-Pride-T500L.jpg,+/TCL-Pride-T500L.jpg,+/TCL-Pride-T500L.jpg,,
OPMBNTF0494,+/Samsung-Galaxy-A8-A800I-Gold.jpg,+/Samsung-Galaxy-A8-A800I-Gold.jpg,+/Samsung-Galaxy-A8-A800I-Gold.jpg,/Samsung-Galaxy-A8-A800I-Gold-right.jpg;/Samsung-Galaxy-A8-A800I-Gold-left.jpg,
OPMBNTF0520,+/Samsung-Tab-E-SM-T561-Metalic-Black.jpg,+/Samsung-Tab-E-SM-T561-Metalic-Black.jpg,+/Samsung-Tab-E-SM-T561-Metalic-Black.jpg,/Samsung-Tab-E-SM-T561-Metalic-Black-right.jpg;/Samsung-Tab-E-SM-T561-Metalic-Black-left.jpg,
OPMBNTF0534,+/Vitel-K901-Black.jpg,+/Vitel-K901-Black.jpg,+/Vitel-K901-Black.jpg,/Vitel-K901-Black-right.jpg;/Vitel-K901-Black-left.jpg,
OPMBNTF0484,+/Reliance-ZTe-D286.jpg,+/Reliance-ZTe-D286.jpg,+/Reliance-ZTe-D286.jpg,,
OPMBNTF0255,+/Oppo-A57-Gold.jpg,+/Oppo-A57-Gold.jpg,+/Oppo-A57-Gold.jpg,/Oppo-A57-Gold-right.jpg;/Oppo-A57-Gold-left.jpg,
OPMBNTF0193,+/Oppo-F3-Plus-Gold.jpg,+/Oppo-F3-Plus-Gold.jpg,+/Oppo-F3-Plus-Gold.jpg,/Oppo-F3-Plus-Gold-Right.jpg;/Oppo-F3-Plus-Gold-back.jpg,
OPMBNTF0170,+/OPPO-F3-Plus-Black.jpg,+/OPPO-F3-Plus-Black.jpg,+/OPPO-F3-Plus-Black.jpg,/Oppo-F3-Plus-Black-Right.jpg;/Oppo-F3-Plus-Black-back.jpg,
OPMBNTF0254,+/OPPO-A57-Black.jpg,+/OPPO-A57-Black.jpg,+/OPPO-A57-Black.jpg,/Oppo-A57-Black-Left.jpg;/Oppo-A57-Black-Back.jpg,
OPMBNTF0006,+/Apple-iPhone-5s-Silver.jpg,+/Apple-iPhone-5s-Silver.jpg,+/Apple-iPhone-5s-Silver.jpg,/Apple-iPhone-5s-Silver-Right.jpg;/Apple-iPhone-5s-Silver-Back.jpg,
OPMBNTF0016,+/Samsung-Galaxy-J7-6-New-2016-Edition-Black.jpg,+/Samsung-Galaxy-J7-6-New-2016-Edition-Black.jpg,+/Samsung-Galaxy-J7-6-New-2016-Edition-Black.jpg,,
OPMBNTF0021,+/Moto-GPlus-4th-Gen-Black.jpg,+/Moto-GPlus-4th-Gen-Black.jpg,+/Moto-GPlus-4th-Gen-Black.jpg,/Moto-GPlus-4th-Gen-Black-Left.jpg;/Moto-GPlus-4th-Gen-Black-Back.jpg,
OPMBNTF0042,+/Lenovo-K3-Note-Black.jpg,+/Lenovo-K3-Note-Black.jpg,+/Lenovo-K3-Note-Black.jpg,/Lenovo-K3-Note-Black.jpg;/Lenovo-K3-Note-Black-Back.jpg,
OPMBNTF0057,+/Lenovo-Zuk-Z1-Space-Grey.jpg,+/Lenovo-Zuk-Z1-Space-Grey.jpg,+/Lenovo-Zuk-Z1-Space-Grey.jpg,/Lenovo-Zuk-Z1-Space-Grey-right.jpg;/Lenovo-Zuk-Z1-Space-Grey-left.jpg,
OPMBNTF0067,+/Samsung-Galaxy-On8-Gold.jpg,+/Samsung-Galaxy-On8-Gold.jpg,+/Samsung-Galaxy-On8-Gold.jpg,/Samsung-Galaxy-On8-Gold-Right.jpg;/Samsung-Galaxy-On8-Gold-back.jpg,
OPMBNTF0648,+/Moto-E4-Plus-Iron-Gray.jpg,+/Moto-E4-Plus-Iron-Gray.jpg,+/Moto-E4-Plus-Iron-Gray.jpg,/Moto-E4-Plus-Iron-Gray-Left.jpg;/Moto-E4-Plus-Iron-Gray-Back.jpg,
OPMBNTF0150,+/Lava-Iris-X8-White.jpg,+/Lava-Iris-X8-White.jpg,+/Lava-Iris-X8-White.jpg,/Lava-Iris-X8-White-Right.jpg;/Lava-Iris-X8-White-Back.jpg,
OPMBNTF0238,+/Honor-Holly-HOL-U19-Black.jpg,+/Honor-Holly-HOL-U19-Black.jpg,+/Honor-Holly-HOL-U19-Black.jpg,/Honor-Holly-HOL-U19-Black-right.jpg;/Honor-Holly-HOL-U19-Black-back.jpg,
OPMBNTF0237,+/Honor-Holy-2-Plus-TIT-AL00-Grey.jpg,+/Honor-Holy-2-Plus-TIT-AL00-Grey.jpg,+/Honor-Holy-2-Plus-TIT-AL00-Grey.jpg,/Honor-Holy-2-Plus-TIT-AL00-Grey-right.jpg;/Honor-Holy-2-Plus-TIT-AL00-Grey-back.jpg,
OPMBNTF0587,+/Moto-M-Grey.jpg,+/Moto-M-Grey.jpg,+/Moto-M-Grey.jpg,/Moto-M-Grey-left.jpg;/Moto-M-Grey-Back.jpg,
OPMBNTF0260,+/Samsung-Galaxy-A7-Black.jpg,+/Samsung-Galaxy-A7-Black.jpg,+/Samsung-Galaxy-A7-Black.jpg,/Samsung-Galaxy-A7-Black-Right.jpg;/Samsung-Galaxy-A7-Black-Back.jpg,
OPMBNTF0310,+/Samsung-Galaxy-A7-Gold.jpg,+/Samsung-Galaxy-A7-Gold.jpg,+/Samsung-Galaxy-A7-Gold.jpg,,
OPMBNTF0244,+/Karbonn-Smart-A11-Black.jpg,+/Karbonn-Smart-A11-Black.jpg,+/Karbonn-Smart-A11-Black.jpg,/Karbonn-Smart-A11-Black.jpg;/Karbonn-Smart-A11-Black-Back.jpg,
OPMBNTF0246,+/Lava-Flair-P1-Black.jpg,+/Lava-Flair-P1-Black.jpg,+/Lava-Flair-P1-Black.jpg,/Lava-Flair-P1-Black-Right.jpg;/Lava-Flair-P1-Black-Back.jpg,
OPMBNTF0291,+/Lava-Magnum-X604-Brown-Left.jpg,+/Lava-Magnum-X604-Brown-Left.jpg,+/Lava-Magnum-X604-Brown-Left.jpg,,
OPMBNTF0292,+/Lava-Magnum-X604-White.jpg,+/Lava-Magnum-X604-White.jpg,+/Lava-Magnum-X604-White.jpg,,
OPMBNTF0302,+/Micromax-Canvas-Knight-E471-White-Silver.jpg,+/Micromax-Canvas-Knight-E471-White-Silver.jpg,+/Micromax-Canvas-Knight-E471-White-Silver.jpg,/Micromax-Canvas-Knight-E471-White-Silver.jpg;/Micromax-Canvas-Knight-E471-White-Silver-Back.jpg,
OPMBNTF0249,+/Moto-G-3Rd-Generation-XT1550-White.jpg,+/Moto-G-3Rd-Generation-XT1550-White.jpg,+/Moto-G-3Rd-Generation-XT1550-White.jpg,/Moto-G-3Rd-Generation-XT1550-White-Right.jpg;/Moto-G-3Rd-Generation-XT1550-White-Back.jpg,
OPMBNTF0324,+/Sony-Xperia-M-C1904-Black.jpg,+/Sony-Xperia-M-C1904-Black.jpg,+/Sony-Xperia-M-C1904-Black.jpg,/Sony-Xperia-M-C1904-Black-Right.jpg;/Sony-Xperia-M-C1904-Black-Back.jpg,
OPMBNTF0595,+/Sony-Xperia-E1-Dual-Black.jpg,+/Sony-Xperia-E1-Dual-Black.jpg,+/Sony-Xperia-E1-Dual-Black.jpg,/Sony-Xperia-E1-Dual-Black.jpg;/Sony-Xperia-E1-Dual-Black-Right.jpg,
OPMBNTF0611,+/Asus-Zenfone-2-Laser-Gold.jpg,+/Asus-Zenfone-2-Laser-Gold.jpg,+/Asus-Zenfone-2-Laser-Gold.jpg,/Asus-Zenfone-2-Laser-Gold-Left.jpg;/Asus-Zenfone-2-Laser-Gold-Back.jpg,
OPMBNTF0240,+/Htc-Desire-628-Sunset-Blue.jpg,+/Htc-Desire-628-Sunset-Blue.jpg,+/Htc-Desire-628-Sunset-Blue.jpg,/Htc-Desire-628-Sunset-Blue-Left.jpg;/Htc-Desire-628-Sunset-Blue-Back.jpg,
OPMBNTF0311,+/Samsung-Galaxy-A7-White.jpg,+/Samsung-Galaxy-A7-White.jpg,+/Samsung-Galaxy-A7-White.jpg,/Samsung-Galaxy-A7-White-Right.jpg;/Samsung-Galaxy-A7-White-Back.jpg,
OPMBNTF0315,+/samsung-galaxy-s4-i9500-white.jpg,+/samsung-galaxy-s4-i9500-white.jpg,+/samsung-galaxy-s4-i9500-white.jpg,,
OPMBNTF0511,+/samsung-galaxy-s4-i9500-black.jpg,+/samsung-galaxy-s4-i9500-black.jpg,+/samsung-galaxy-s4-i9500-black.jpg,/samsung-galaxy-s4-i9500-black.jpg;/Samsung-Galaxy-S4-i9500-Black-Left.jpg,
OPMBNTF0309,+/Nokia-XL-Dual-Sim-Bright-Orange.jpg,+/Nokia-XL-Dual-Sim-Bright-Orange.jpg,+/Nokia-XL-Dual-Sim-Bright-Orange.jpg,,
OPMBNTF0606,+/Asus-Zenfone-3-Black.jpg,+/Asus-Zenfone-3-Black.jpg,+/Asus-Zenfone-3-Black.jpg,/Asus-Zenfone-3-Black-Right.jpg;/Asus-Zenfone-3-Black-Back.jpg,
OPMBNTF0423,+/Lava-Iris-X1-Atom-Black.jpg,+/Lava-Iris-X1-Atom-Black.jpg,+/Lava-Iris-X1-Atom-Black.jpg,/Lava-Iris-X1-Atom-Black-Right.jpg;/Lava-Iris-X1-Atom-Black-Back.jpg,
OPMBNTF0407,+/karbonn-smart-titanium-mach-two-black-&-blue.jpg,+/karbonn-smart-titanium-mach-two-black-&-blue.jpg,+/karbonn-smart-titanium-mach-two-black-&-blue.jpg,/karbonn-smart-titanium-mach-two-black-&-blue-right.jpg;/karbonn-smart-titanium-mach-two-black-&-blue-left.jpg,
OPMBNTF0251,+/motorola-e-xt1521-black.jpg,+/motorola-e-xt1521-black.jpg,+/motorola-e-xt1521-black.jpg,/motorola-e-xt1521-black-right.jpg;/motorola-e-xt1521-black-left.jpg,
OPMBNTF0710,+/samsung-galaxy-j7-nxt-gold.jpg,+/samsung-galaxy-j7-nxt-gold.jpg,+/samsung-galaxy-j7-nxt-gold.jpg,/samsung-galaxy-j7-nxt-gold.jpg;/samsung-galaxy-j7-nxt-gold-right.jpg,
OPMBNTF0712,+/Apple-iPhone-SE-Gold.jpg,+/Apple-iPhone-SE-Gold.jpg,+/Apple-iPhone-SE-Gold.jpg,/Apple-iPhone-SE-Gold-right.jpg;/Apple-iPhone-SE-Gold-left.jpg,
OPMBNTF0354,+/Coolpad-Note-3S-White.jpg,+/Coolpad-Note-3S-White.jpg,+/Coolpad-Note-3S-White.jpg,/Coolpad-Note-3S-White-right.jpg;/Coolpad-Note-3S-White-left.jpg,
