sku,image,small_image,thumbnail,gallery
OPMBNTFB0032,+/Yu-Yunicorn-YU5530-Silver-Rush.jpg,+/Yu-Yunicorn-YU5530-Silver-Rush.jpg,+/Yu-Yunicorn-YU5530-Silver-Rush.jpg,/Yu-Yunicorn-YU5530-Silver-Rush-right.jpg;/Yu-Yunicorn-YU5530-Silver-Rush-left.jpg
OPMBNTFB0036,+/Leeco-Le-Max-2-Rose-Gold.jpg,+/Leeco-Le-Max-2-Rose-Gold.jpg,+/Leeco-Le-Max-2-Rose-Gold.jpg,/Leeco-Le-Max-2-Rose-Gold-right.jpg;/Leeco-Le-Max-2-Rose-Gold-left.jpg
OPMBNTFB0103,+/Lava-Iris-X8-Black.jpg,+/Lava-Iris-X8-Black.jpg,+/Lava-Iris-X8-Black.jpg,/Lava-Iris-X8-Black-right.jpg;/Lava-Iris-X8-Black-left.jpg
OPMBNTFB0565,+/letv-le-1s-x509-gold.jpg,+/letv-le-1s-x509-gold.jpg,+/letv-le-1s-x509-gold.jpg,/letv-le-1s-x509-gold-right.jpg;/letv-le-1s-x509-gold-left.jpg
OPMBNTFB0647,+/Moto-E4-Plus-Fine-Gold.jpg,+/Moto-E4-Plus-Fine-Gold.jpg,+/Moto-E4-Plus-Fine-Gold.jpg,/Moto-E4-Plus-Fine-Gold-right.jpg;/Moto-E4-Plus-Fine-Gold-left.jpg
OPMBNTFB0648,+/moto-e4-plus-iron-grey.jpg,+/moto-e4-plus-iron-grey.jpg,+/moto-e4-plus-iron-grey.jpg,/moto-e4-plus-iron-grey-right.jpg;/moto-e4-plus-iron-grey-left.jpg
OPMBNTFB0084,+/Mi-Max-Gold.jpg,+/Mi-Max-Gold.jpg,+/Mi-Max-Gold.jpg,/Mi-Max-Gold-right.jpg;/Mi-Max-Gold-left.jpg
OPMBNTFB0106,+/Moto-G4-Play-White.jpg,+/Moto-G4-Play-White.jpg,+/Moto-G4-Play-White.jpg,/Moto-G4-Play-White-right.jpg;/Moto-G4-Play-White-left.jpg
OPMBNTFB0030,+/Yu-Yunicorn-YU5530-Gold-Rush.jpg,+/Yu-Yunicorn-YU5530-Gold-Rush.jpg,+/Yu-Yunicorn-YU5530-Gold-Rush.jpg,/Yu-Yunicorn-YU5530-Gold-Rush-right.jpg
OPMBNTFB0039,+/Mi-Max-Gold.jpg,+/Mi-Max-Gold.jpg,+/Mi-Max-Gold.jpg,/Mi-Max-Gold-right.jpg;/Mi-Max-Gold-left.jpg
OPMBNTFB0050,+/Yu-Yureka-Note-Black.jpg,+/Yu-Yureka-Note-Black.jpg,+/Yu-Yureka-Note-Black.jpg,/Yu-Yureka-Note-Black-right.jpg;/Yu-Yureka-Note-Black-left.jpg
OPMBNTFB0081,+/Creo-Mark-1-CM0101B-Gun-Metal-Black.jpg,+/Creo-Mark-1-CM0101B-Gun-Metal-Black.jpg,+/Creo-Mark-1-CM0101B-Gun-Metal-Black.jpg,
OPMBNTFB0126,+/motorola-x-xt1052-black.jpg,+/motorola-x-xt1052-black.jpg,+/motorola-x-xt1052-black.jpg,/motorola-x-xt1052-black-right.jpg;/motorola-x-xt1052-black-left.jpg
OPMBNTFB0132,+/MI-4-White.jpg,+/MI-4-White.jpg,+/MI-4-White.jpg,/MI-4-White-right.jpg;/MI-4-White-let.jpg
OPMBNTFB0133,+/Mi-Max-Silver.jpg,+/Mi-Max-Silver.jpg,+/Mi-Max-Silver.jpg,/Mi-Max-Silver-right.jpg;/Mi-Max-Silver-left.jpg
OPMBNTFB0229,+/Mi-4i-Grey.jpg,+/Mi-4i-Grey.jpg,+/Mi-4i-Grey.jpg,/Mi-4i-Grey-right.jpg;/Mi-4i-Grey-left.jpg
OPMBNTFB0305,+/motorola-g-xt1033-1st-gen-black.jpg,+/motorola-g-xt1033-1st-gen-black.jpg,+/motorola-g-xt1033-1st-gen-black.jpg,/motorola-g-xt1033-1st-gen-black-right.jpg;/motorola-g-xt1033-1st-gen-black-left.jpg
OPMBNTFB0307,+/Nexian-NV-45-Grey.jpg,+/Nexian-NV-45-Grey.jpg,+/Nexian-NV-45-Grey.jpg,/Nexian-NV-45-Grey-right.jpg;/Nexian-NV-45-Grey-left.jpg
OPMBNTFB0465,+/Moto-G4-Play-Black.jpg,+/Moto-G4-Play-Black.jpg,+/Moto-G4-Play-Black.jpg,/Moto-G4-Play-Black-right.jpg;/Moto-G4-Play-Black-left.jpg
OPMBNTFB0473,+/Nexian-NV-45-Black.jpg,+/Nexian-NV-45-Black.jpg,+/Nexian-NV-45-Black.jpg,/Nexian-NV-45-Black-right.jpg;/Nexian-NV-45-Black-left.jpg
OPMBNTFB0536,+/Mi-4i-White.jpg,+/Mi-4i-White.jpg,+/Mi-4i-White.jpg,/Mi-4i-White-right.jpg;/Mi-4i-White-left.jpg
OPMBNTFB0554,+/Mi-Max-Prime-Gold.jpg,+/Mi-Max-Prime-Gold.jpg,+/Mi-Max-Prime-Gold.jpg,/Mi-Max-Prime-Gold-right.jpg;/Mi-Max-Prime-Gold-left.jpg
OPMBNTFB0635,+/Honor-5C-Grey.jpg,+/Honor-5C-Grey.jpg,+/Honor-5C-Grey.jpg,/Honor-5C-Grey-right.jpg;/Honor-5C-Grey-left.jpg
OPMBNTFB0675,+/moto-x-2nd-gen-xt1092-cognac-leather.jpg,+/moto-x-2nd-gen-xt1092-cognac-leather.jpg,+/moto-x-2nd-gen-xt1092-cognac-leather.jpg,/moto-x-2nd-gen-xt1092-cognac-leather-right.jpg;/moto-x-2nd-gen-xt1092-cognac-leather-left.jpg
OPMBNTFB0124,+/InFocus-M370i-Black.jpg,+/InFocus-M370i-Black.jpg,+/InFocus-M370i-Black.jpg,/InFocus-M370i-Black-right.jpg;/InFocus-M370i-Black-left.jpg
OPMBNTFB0301,+/Micromax-Canvas-Juice-2-AQ5001-Silver.jpg,+/Micromax-Canvas-Juice-2-AQ5001-Silver.jpg,+/Micromax-Canvas-Juice-2-AQ5001-Silver.jpg,/Micromax-Canvas-Juice-2-AQ5001-Silver-right.jpg;/Micromax-Canvas-Juice-2-AQ5001-Silver-left.jpg
OPMBNTFB0468,+/Moto-X-Play-Black.jpg,+/Moto-X-Play-Black.jpg,+/Moto-X-Play-Black.jpg,/Moto-X-Play-Black-right.jpg;/Moto-X-Play-Black-left.jpg
OPMBNTFB0304,+/micromax-canvas-xpress-2-black.jpg,+/micromax-canvas-xpress-2-black.jpg,+/micromax-canvas-xpress-2-black.jpg,/micromax-canvas-xpress-2-black-right.jpg;/micromax-canvas-xpress-2-black-left.jpg
OPMBNTFB0365,+/Honor-4X-GOLD.jpg,+/Honor-4X-GOLD.jpg,+/Honor-4X-GOLD.jpg,/Honor-4X-GOLD-right.jpg;/Honor-4X-GOLD-left.jpg
OPMBNTFB0643,+/Moto-X-Style-XT1572-16GB-White.jpg,+/Moto-X-Style-XT1572-16GB-White.jpg,+/Moto-X-Style-XT1572-16GB-White.jpg,/Moto-X-Style-XT1572-16GB-White-right.jpg;/Moto-X-Style-XT1572-16GB-White-left.jpg
OPMBNTFB0216,+/motorola-nexus-6dark.jpg,+/motorola-nexus-6dark.jpg,+/motorola-nexus-6dark.jpg,/motorola-nexus-6dark-right.jpg;/motorola-nexus-6dark-left.jpg
OPMBNTFB0462,+/motorola-e-xt-1022-white.jpg,+/motorola-e-xt-1022-white.jpg,+/motorola-e-xt-1022-white.jpg,/motorola-e-xt-1022-white-right.jpg;/motorola-e-xt-1022-white-left.jpg
OPMBNTFB0194,+/Phicomm-Clue-630-white.jpg,+/Phicomm-Clue-630-white.jpg,+/Phicomm-Clue-630-white.jpg,/Phicomm-Clue-630-white-right.jpg;/Phicomm-Clue-630-white-left.jpg
OPMBNTFB0482,+/Phicomm-Clue-630-black.jpg,+/Phicomm-Clue-630-black.jpg,+/Phicomm-Clue-630-black.jpg,/Phicomm-Clue-630-black-right.jpg;/Phicomm-Clue-630-black-left.jpg
OPMBNTFB0120,+/moto-e-2nd-gen-xt1506-black.jpg,+/moto-e-2nd-gen-xt1506-black.jpg,+/moto-e-2nd-gen-xt1506-black.jpg,/moto-e-2nd-gen-xt1506-black-right.jpg;/moto-e-2nd-gen-xt1506-black-left.jpg
OPMBNTFB0086,+/Micromax-Canvas-Mega-Blue.jpg,+/Micromax-Canvas-Mega-Blue.jpg,+/Micromax-Canvas-Mega-Blue.jpg,/Micromax-Canvas-Mega-Blue-right.jpg;/Micromax-Canvas-Mega-Blue-left.jpg
OPMBNTFB0155,+/Phicomm-Energy-E653-Black.jpg,+/Phicomm-Energy-E653-Black.jpg,+/Phicomm-Energy-E653-Black.jpg,/Phicomm-Energy-E653-Black-right.jpg;/Phicomm-Energy-E653-Black-left.jpg
OPMBNTFB0168,+/Micromax-Canvas-Juice-grey.jpg,+/Micromax-Canvas-Juice-grey.jpg,+/Micromax-Canvas-Juice-grey.jpg,/Micromax-Canvas-Juice-grey-right.jpg;/Micromax-Canvas-Juice-grey-left.jpg
OPMBNTFB0164,+/Lava-Iris-Selfie-50-White.jpg,+/Lava-Iris-Selfie-50-White.jpg,+/Lava-Iris-Selfie-50-White.jpg,/Lava-Iris-Selfie-50-White-right.jpg;/Lava-Iris-Selfie-50-White-left.jpg
OPMBNTFB0188,+/Lava-Iris-Win1-Black.jpg,+/Lava-Iris-Win1-Black.jpg,+/Lava-Iris-Win1-Black.jpg,/Lava-Iris-Win1-Black-right.jpg;/Lava-Iris-Win1-Black-left.jpg
OPMBNTFB0290,+/Lava-Iris-X1-Grand-White-&-Silver.jpg,+/Lava-Iris-X1-Grand-White-&-Silver.jpg,+/Lava-Iris-X1-Grand-White-&-Silver.jpg,/Lava-Iris-X1-Grand-White-&-Silver-right.jpg;/Lava-Iris-X1-Grand-White-&-Silver-left.jpg
OPMBNTFB0692,+/Lava-KKT-UNO-Plus-Black-&-Silver.jpg,+/Lava-KKT-UNO-Plus-Black-&-Silver.jpg,+/Lava-KKT-UNO-Plus-Black-&-Silver.jpg,/Lava-KKT-UNO-Plus-Black-&-Silver-right.jpg;/Lava-KKT-UNO-Plus-Black-&-Silver-left.jpg
OPMBNTFB0428,+/Lava-Spark-245e-Black-&-Grey.jpg,+/Lava-Spark-245e-Black-&-Grey.jpg,+/Lava-Spark-245e-Black-&-Grey.jpg,/Lava-Spark-245e-Black-&-Grey-right.jpg;/Lava-Spark-245e-Black-&-Grey-left.jpg
OPMBNTFB0063,+/Micromax-Canvas-6-Pro-black.jpg,+/Micromax-Canvas-6-Pro-black.jpg,+/Micromax-Canvas-6-Pro-black.jpg,/Micromax-Canvas-6-Pro-black-right.jpg;/Micromax-Canvas-6-Pro-black-left.jpg
OPMBNTFB0310,+/samsung-galaxy-a7-a700f.jpg,+/samsung-galaxy-a7-a700f.jpg,+/samsung-galaxy-a7-a700f.jpg,/samsung-galaxy-a7-a700f-right.jpg;/samsung-galaxy-a7-a700f-left.jpg
OPMBNTFB0693,+/Nokia-Lumia-530.jpg,+/Nokia-Lumia-530.jpg,+/Nokia-Lumia-530.jpg,/Nokia-Lumia-530-right.jpg;/Nokia-Lumia-530-left.jpg
OPMBNTFB0245,+/lava-c11s-white.jpg,+/lava-c11s-white.jpg,+/lava-c11s-white.jpg,/lava-c11s-white-right.jpg;/lava-c11s-white-left.jpg
OPMBNTFB0246,+/Lava-Flair-P1-Black.jpg,+/Lava-Flair-P1-Black.jpg,+/Lava-Flair-P1-Black.jpg,/Lava-Flair-P1-Black-right.jpg;/Lava-Flair-P1-Black-left.jpg
OPMBNTFB0302,+/micromax-canvas-knight-e471-white-silver.jpg,+/micromax-canvas-knight-e471-white-silver.jpg,+/micromax-canvas-knight-e471-white-silver.jpg,/micromax-canvas-knight-e471-white-silver-right.jpg;/micromax-canvas-knight-e471-white-silver-left.jpg
OPMBNTFB0249,+/moto-g-3rd-generation-xt1550-white.jpg,+/moto-g-3rd-generation-xt1550-white.jpg,+/moto-g-3rd-generation-xt1550-white.jpg,/moto-g-3rd-generation-xt1550-white-right.jpg;/moto-g-3rd-generation-xt1550-white-left.jpg
OPMBNTFB0306,+/motorola-x-force-xt1580-white.jpg,+/motorola-x-force-xt1580-white.jpg,+/motorola-x-force-xt1580-white.jpg,/motorola-x-force-xt1580-white-right.jpg;/motorola-x-force-xt1580-white-left.jpg
OPMBNTFB0671,+/motorola-x-2nd-generation-xt1092-royal-blue.jpg,+/motorola-x-2nd-generation-xt1092-royal-blue.jpg,+/motorola-x-2nd-generation-xt1092-royal-blue.jpg,/motorola-x-2nd-generation-xt1092-royal-blue-right.jpg;/motorola-x-2nd-generation-xt1092-royal-blue-left.jpg
OPMBNTFB0257,+/samsung-galaxy-a5-a500g-white.jpg,+/samsung-galaxy-a5-a500g-white.jpg,+/samsung-galaxy-a5-a500g-white.jpg,/samsung-galaxy-a5-a500g-white-right.jpg;/samsung-galaxy-a5-a500g-white-left.jpg
OPMBNTFB0566,+/micromax-canvas-5-e481-slate-grey.jpg,+/micromax-canvas-5-e481-slate-grey.jpg,+/micromax-canvas-5-e481-slate-grey.jpg,/micromax-canvas-5-e481-slate-grey-right.jpg;/micromax-canvas-5-e481-slate-grey-left.jpg
OPMBNTFB0419,+/Lava-Iris-Alfa-L-White.jpg,+/Lava-Iris-Alfa-L-White.jpg,+/Lava-Iris-Alfa-L-White.jpg,/Lava-Iris-Alfa-L-White-right.jpg;/Lava-Iris-Alfa-L-White-left.jpg
OPMBNTFB0363,+/Gionee-P5-Mini-Black.jpg,+/Gionee-P5-Mini-Black.jpg,+/Gionee-P5-Mini-Black.jpg,/Gionee-P5-Mini-Black-right.jpg;/Gionee-P5-Mini-Black-left.jpg
OPMBNTFB0269,+/Alcatel-Onetouch-Idol-X-Bluish-Black.jpg,+/Alcatel-Onetouch-Idol-X-Bluish-Black.jpg,+/Alcatel-Onetouch-Idol-X-Bluish-Black.jpg,/Alcatel-Onetouch-Idol-X-Bluish-Black-right.jpg;/Alcatel-Onetouch-Idol-X-Bluish-Black-left.jpg
OPMBNTFB0474,+/Nokia-Lumia-625-Black.jpg,+/Nokia-Lumia-625-Black.jpg,+/Nokia-Lumia-625-Black.jpg,/Nokia-Lumia-625-Black-right.jpg;/Nokia-Lumia-625-Black-left.jpg
OPMBNTFB0470,+/Motorola-X-Style-1572-Black.jpg,+/Motorola-X-Style-1572-Black.jpg,+/Motorola-X-Style-1572-Black.jpg,/Motorola-X-Style-1572-Black-right.jpg;/Motorola-X-Style-1572-Black-left.jpg
OPMBNTFB0127,+/Nokia-105-Black.jpg,+/Nokia-105-Black.jpg,+/Nokia-105-Black.jpg,/Nokia-105-Black-right.jpg;/Nokia-105-Black-left.jpg
OPMBNTFB0446,+/Micromax-Canvas-A290-Black-and-Gold.jpg,+/Micromax-Canvas-A290-Black-and-Gold.jpg,+/Micromax-Canvas-A290-Black-and-Gold.jpg,/Micromax-Canvas-A290-Black-and-Gold-right.jpg;/Micromax-Canvas-A290-Black-and-Gold-left.jpg
OPMBNTFB0401,+/Karbonn-Bahubali-Black.jpg,+/Karbonn-Bahubali-Black.jpg,+/Karbonn-Bahubali-Black.jpg,/Karbonn-Bahubali-Black-right.jpg;/Karbonn-Bahubali-Black-left.jpg
OPMBNTFB0417,+/Lava-A79-Black.jpg,+/Lava-A79-Black.jpg,+/Lava-A79-Black.jpg,
OPMBNTF0280,+/Honor-5X-KIW-L22-Gold.jpg,+/Honor-5X-KIW-L22-Gold.jpg,+/Honor-5X-KIW-L22-Gold.jpg,/Honor-5X-KIW-L22-Gold-right.jpg;/Honor-5X-KIW-L22-Gold-left.jpg
OPMBNTF0293,+/Lava-Arc-Grace-Black.jpg,+/Lava-Arc-Grace-Black.jpg,+/Lava-Arc-Grace-Black.jpg,/Lava-Arc-Grace-Black-right.jpg;/Lava-Arc-Grace-Black-left.jpg
